0,,,,,,
1,,,,,,
2,生命保険,日本生命保険相互会社,71871名  ⇒内務職員 19515名（2018年3月末）,大阪府大阪市中央区今橋3-5-12,【採用データ画面】『採用問い合わせ先1・2』をご覧ください。,https://www.nissay-saiyo.com/
3,鉄道,東日本旅客鉄道(株)【JR東日本】,5万4880名（2018年4月1日現在）,東京都渋谷区代々木二丁目2番2号,〒151-8578東京都渋谷区代々木二丁目2番2号人事部採用事務局TEL:03-5334-1329（平日の10:00～17:00）,http://www.jreast.co.jp/recruit/student/
4,総合電機,(株)日立製作所,3万4925名（2018年3月末日現在）,東京都千代田区丸の内1-6-6,〒100-8280　東京都千代田区丸の内1-6-6日立製作所　採用グループ　リクルーティング事務局TEL:03-6361-9070,http://www.hitachi.co.jp/recruit/newgraduate/
5,生命保険,住友生命保険相互会社,42848名(2018年3月),東京都中央区築地7-18-24,〒104-8430　東京都中央区築地7-18-24リクルート推進室TEL:03-6381-4016（直）〒540-8512大阪市中央区城見1-4-35大阪人事室TEL:06-6937-1000（直）,http://www.sumitomolife.co.jp/about/employ/saiyou/
7,生命保険,第一生命保険(株),56161名【内勤職11437名、営業職44724名】（2018年9月末現在）,,〒100-8411東京都千代田区有楽町1-13-1第一生命　基幹職採用事務局,http://www.dai-ichi-saiyo.jp
8,自動車・自動車部品,トヨタ自動車(株),単体：74890人（2018年3月末現在）,愛知県豊田市トヨタ町1,本社／愛知県豊田市トヨタ町1番地 〒471-8571 人材開発部　採用・計画室　 アドレス：cg50-n8s@mmx.toyota.co.jp ※お問い合わせはE-mailで受け付けています。,採用HP:　http://toyota-saiyo.com/企業HP:　http://www.toyota.co.jp/
9,鉄鋼,日本製鉄(株)【旧社名　新日鐵住金(株)】 ,93557名（連結）（2018年3月現在）25101名（単体）（2018年3月現在）,東京都千代田区丸の内2-6-1,〒100-8071　東京都千代田区丸の内2-6-1TEL:03-6867-2242人事労政部　人材開発室,https://www.nipponsteel.com/recruit/hq/
10,鉄道,西日本旅客鉄道(株)（JR西日本）,2万8383名（2018年4月1日現在),大阪府大阪市北区芝田二丁目4番24号,〒530-8341大阪府大阪市北区芝田2丁目4番24号,http://www.westjr.co.jp/company/recruit/fresh/
11,自動車・自動車部品,日産自動車(株),2万2209名（単独ベース）13万7250名（連結ベース）2017年3月末現在,神奈川県横浜市西区高島1丁目1番1号,〒220-8686神奈川県横浜市西区高島1丁目1番1号 人事本部　日本タレントマネジメント部,http://www.nissanmotor.jobs/japan/NE/
12,半導体・電子・電気機器,富士通(株),,東京都港区東新橋1-5-2　汐留シティセンター,富士通　採用サポートデスク※お問い合わせはEメールにてお願いいたします。,http://www.fujitsu.com/jp/about/corporate/employment/newgraduate/index.html
13,総合電機,三菱電機(株),142340名／連結（2018年3月現在）,東京都千代田区丸の内2-7-3,〒100-8310東京都千代田区丸の内2-7-3本社人事部採用グループ　TEL:03-3218-2386,http://www.MitsubishiElectric.co.jp/saiyo/graduates
14,,,,,,
15,陸運（貨物・バス・タクシー）,日本通運(株),31871名（2018年3月）,東京都港区東新橋1-9-3,〒105-8322　東京都港区東新橋1-9-3総務・労働部　人事担当TEL：03-6251-1472,http://www.nittsu.co.jp/jinji/senko
17,生命保険,朝日生命保険相互会社,15935名（2018年3月末）,東京都千代田区大手町2-6-1 朝日生命大手町ビル,〒168-8506東京都杉並区和泉1-22-19人事部　＜採用ダイヤル　TEL:03-4574-5005＞,朝日生命新卒採用ホームページhttp://www.asahi-life.co.jp/saiyou/index.html朝日生命ホームページhttp://www.asahi-life.co.jp/
18,総合電機,パナソニック(株),274143名(2018年3月31日現在),大阪府門真市門真1006,大阪／〒571-8501大阪府門真市門真1006パナソニック(株)　採用部電話（06）6909-2150（直）東京／〒100-6025東京都千代田区霞が関3丁目2番5号 パナソニック(株)　採用部,http://www.panasonic.com/jp/corporate/jobs/new_gra.html
19,,,,,,
20,総合電機,日本電気(株)（NEC）,単独 21010名連結 109390名（2018年3月末時点）,東京都港区芝5丁目7-1,〒211-8601　神奈川県川崎市中原区下沼部1753　NEC玉川事業場NEC　人事部　採用グループTEL:050-3757-6197,NEC新卒採用ホームページはこちらhttp://nec-recruiting.com
21,自動車・自動車部品,(株)デンソー,連結 168813名,愛知県刈谷市昭和町1-1,人事部 人員計画・採用室事務系総合職、実務職　TEL:0566-55-5667（直通）技術系総合職　TEL:0566-55-5668（直通）製造人材（生産関係職） TEL:0566-55-5679(直通）,http://www.denso.co.jp/ja/
22,,,,,,
23,その他メーカー,日本たばこ産業(株)【JT】,単体　7336人　連結　57963人　(2017年12月末現在),東京都港区虎ノ門2-2-1,JT採用担当,https://www.jti.co.jp/recruit/index.html
24,生命保険,大樹生命保険(株)【旧社名：三井生命保険(株)】,10123名（うち内勤職員2931名/2018年3月末現在）※関連会社への出向者は除く,東京都江東区青海1-1-20,〒135-8222東京都江東区青海1-1-20人事部人事グループTEL：03-6831-8075（直）,http://www.mitsui-seimei.co.jp/recruitment/
25,,,,,,
26,,,,,,
27,鉄鋼,JFEスチール(株),14980名（2017年3月末現在）,東京都千代田区内幸町2丁目2番3号（日比谷国際ビル）,〒100-0011 東京都千代田区内幸町2丁目2番3号（日比谷国際ビル）JFEスチール採用チームフリーダイヤル:0120-201700（平日9：00～17：30）,http://www.jfe-steel.co.jp/saiyou/
28,電力,関西電力(株),20848名（2018年3月）,大阪府大阪市北区中之島3-6-16,〒530-8270  大阪府大阪市北区中之島3-6-16関西電力リクルーティングチームTEL:06-4796-8014 (平日10:00～18:00),http://www.kepco.co.jp/firstcareer/index.html
29,,,,,,
30,,,,,,
31,陸運（貨物・バス・タクシー）,ヤマトグループ,,東京都中央区銀座2-16-10,▼ヤマト運輸(株)〒104-8125　東京都中央区銀座2-16-10育成戦略部　人材採用課　新卒採用担当フリーダイヤル：0120-37-9625ホームページアドレス http://www.kuronekoyamato.co.jp/recruit/shinsotsu▼ヤマトグローバルエキスプレス(株)〒105-0013　東京都港区浜松町2-6-2　浜松町262ビル6階人事戦略担当 採用担当TEL：03-6860-8101ホームページアドレス http://www.yamato-ygx.co.jp/employment/new-graduate/index.html▼ヤマトロジスティクス(株)〒104-0042　東京都中央区銀座2-12-18　ヤマト銀座ビル5階人事戦略担当 採用担当TEL：03-6671-8706ホームページアドレス http://www.y-logi.com/recruit/saiyou/▼ヤマトホームコンビニエンス(株)〒103-0022　東京都中央区銀座2-12-18　ヤマト銀座ビル6階人事戦略部　採用担当TEL：03-6671-9451ホームページアドレス http://yhc.008008.jp/recruit/▼ヤマトシステム開発(株)〒136-0061　東京都江東区豊洲5-6-36（SIA豊洲プライムスクエア）人事採用担当　TEL：フリーダイヤル0120-13-8010ホームページアドレス http://www.nekonet.co.jp/HR/▼ヤマトフィナンシャル(株)〒104-0061　東京都中央区銀座2-12-18　ヤマト銀座ビル10階経営戦略部　採用担当TEL：03-6671-8083ホームページアドレス http://www.yamatofinancial.jp/▼ヤマトオートワークス(株)〒104-0041　東京都中央区新富1-18-8人事・育成　採用担当TEL：03-5117-8916ホームページアドレス http://www.yaw.co.jp/recruit/▼ ヤマトマネージメントサービス(株)〒104-0061　東京都中央区銀座2-16-7 恒産第3ビル経営管理部　採用担当TEL：03-3544-8600ホームページアドレス http://www.myentry.net/yms/recruit/shinsotsu/▼ ヤマトグローバルロジスティクスジャパン(株)〒104-0045　東京都中央区築地２丁目３番４号　築地第一長岡ビル　5階人事課TEL：03-5733-7095ホームページアドレス　https://www.y-logi.com/ygl/recruit/fresh,
32,総合電機,シャープ(株),,大阪府堺市堺区匠町1番地,■西日本（大学の所在地が静岡・岐阜・富山以西の方）　　〒590-8522 大阪府堺市堺区匠町1番地　　管理本部　総務部　キャリア開発グループ　西日本採用担当　　電話：072-282-0415 　　mail : recruit-west@sharp.co.jp■東日本（大学の所在地が神奈川・長野・新潟以東の方）　　〒261-8520 千葉県千葉市美浜区中瀬1丁目9番2号　　管理本部　総務部　キャリア開発グループ　東日本採用担当　　電話：043-299-8634　　mail : recruit-east@sharp.co.jp,http://www.sharp.co.jp/corporate/recruit/
33,自動車・自動車部品,三菱自動車工業(株),単独：13693名、連結：30507名（2018年3月31日現在）,東京都港区芝浦3-1-21 田町ステーションタワー,◆住所　 〒108-8410 東京都港区芝浦3-1-21 田町ステーションタワー　 三菱自動車工業株式会社　人事本部 人事労政部　◆連絡先　 03-6833-9379    saiyo@r-mitsubishi-motors.com　 ※土日祝を除く9:30～17:00,https://www.mitsubishi-motors.com/jp/recruit/20/index.html
34,プラント・エンジニアリング,JFEエンジニアリング(株),約3800人（グループ全体：約9000人）,東京都千代田区丸の内一丁目8番1号 丸の内トラストタワーN館19階,JFEエンジニアリング(株)　人事部 新卒採用担当〒230-8611　神奈川県横浜市鶴見区末広町二丁目1番地（横浜本社）,http://www.jfe-eng.co.jp/saiyou/top.html
35,生命保険,明治安田生命保険相互会社,43168人（うち営業職員32526人）（2018年9月末現在）,東京都千代田区丸の内2-1-1,エントリーシートを提出する職種によって連絡先は異なります。【総合職(全国型)・総合職(地域型)】　人事部 人事グループ 採用窓口　〒100-0005　東京都千代田区丸の内2-1-1　TEL:03-3216-7640　Mail:JINJISAIYO@meijiyasuda.co.jp【法人総合営業職(地域型)】　法人総合営業職(地域型) リクルート推進室　〒100-0005　東京都千代田区丸の内2-1-1　TEL:03-3216-4888　Mail:hs@meijiyasuda.co.jp<2020年度 新卒採用サイト>https://www.meijiyasuda-saiyo.com/2020/当社は、新卒者等の採用に関し登録いただいた個人情報につきまして、当社が行なう採用・選考活動以外に利用いたしません。なお、当社におけるお客さまに関する情報の取り扱いについては、ホームページ（https://www.meijiyasuda.co.jp）をご覧ください。,https://www.meijiyasuda-saiyo.com/2020/
36,,,,,,
37,,,,,,
38,情報処理,日本アイ・ビー・エム(株),会社規定により非公開,東京都中央区日本橋箱崎町19-21,日本IBM 人事 新卒採用センター〒103-8510　東京都中央区日本橋箱崎町19-21お問合せはすべて下記Eメールにご連絡ください。 saiyo12@jp.ibm.com,日本IBM 新卒採用ホームページhttps://www-07.ibm.com/employment/jp/campus.html
39,電力,中部電力(株),16486名（2018年3月末時点）,名古屋市東区東新町1番地,〒461-8680　愛知県名古屋市東区東新町1番地TEL:0120-225-090担当／人事センター　採用人事グループ　採用担当,http://saiyo.chuden.jp/
40,生命保険,太陽生命保険(株),内勤職員2407名、営業職員8942名(2018年3月末現在),東京都中央区日本橋2丁目7番1号,■東京　　〒103-6031　　東京都中央区日本橋2-7-1　太陽生命保険(株)　人事部人事課　TEL:03-3272-6420■大阪　〒541-0048　大阪市中央区瓦町3-6-5 3F　太陽生命保険(株)大阪支社内　人事部人事課　TEL:06-6208-3830,http://www.taiyo-saiyo.jp/
42,,,,,,
43,,,,,,
44,輸送用機器,川崎重工業(株),1万6423人（2018年3月期）,兵庫県神戸市中央区東川崎町1-1-3　（神戸クリスタルタワー）,■神戸本社〒650-8680神戸市中央区東川崎町1-1-3人事本部　人事部　採用課TEL:0120-337153（平日9:30～18:00　ただし12:00～13:00を除く）　　　　　　　　　※土日祝日は受け付けておりません。,http://www.khi-saiyo.jp/
45,タイヤ・ゴム製品,(株)ブリヂストン,連結：142669名　単体：13706名 （2017年12月31日現在） ,東京都中央区京橋3-1-1,＜事務系＞〒104-8340東京都中央区京橋3-1-1本社内　採用ユニット（事務系担当）TEL:03-6836-3122（ダイヤルイン）＜技術系＞〒187-8531東京都小平市小川東町3-1-1技術センター内　採用ユニット（技術系担当）TEL:050-3786-3000（ダイヤルイン）,http://www.bridgestone.co.jp/
46,機械,(株)小松製作所（コマツ）,［連結］59632名［単独］10465名（2018年3月現在）,東京都港区赤坂2-3-6　,コマツ採用事務局TEL:03-6361-4984,
47,,,,,,
48,放送,日本放送協会（NHK）,10318名（2018年度）,東京都渋谷区神南2-2-1,〒150－8001東京都渋谷区神南2-2-1NHK採用デスクTEL 03-5455-7900（10：00～18：00＜土日・祝日、年末年始を除く＞）,詳細はNHK採用ホームページをご覧ください。http://www.nhk.or.jp/saiyo/
49,,,,,,
50,,,,,,
51,機械,(株)クボタ,39410名（2017年12月期・連結）11266名（2017年12月期・単独） ,大阪市浪速区敷津東1丁目2番47号,〒556-8601　大阪府大阪市浪速区敷津東1-2-47人事部採用グループ　TEL:06-6648-3970,http://www.kubota.co.jp/recruit/index.html
52,精密機器,キヤノン(株),25903名（2018年12月31日現在）,東京都大田区下丸子3丁目30番2号,〒146-8501東京都大田区下丸子3-30-2キヤノン(株)　人事本部　採用課TEL:03-5482-8212（技術系）TEL:03-5482-8210（事務系）,
53,,,,,,
55,,,,,,
56,,,,,,
57,,,,,,
58,銀行（都銀）,(株)三菱UFJ銀行,34101人（2018年3月末時点、国内・単体）,東京都千代田区丸の内2-7-1,■人事部　採用・キャリアグループ　〒100-8388　東京都千代田区丸の内2-7-1　　TEL:03-3240-1111■人事部(大阪)　〒530-0004　大阪府大阪市北区堂島浜1-1-5　　TEL:06-6345-6163■人事部(名古屋)　〒460-8660　愛知県名古屋市中区錦3-21-24　　TEL:052-211-1111,http://www.saiyo.bk.mufg.jp/
59,電力,九州電力(株),13022名（2018年3月末時点）,福岡市中央区渡辺通2-1-82,〒810-8720　福岡市中央区渡辺通2-1-82人材活性化本部人事グループ（吉岡、池田、岸本）TEL:092-726-1613（直通）,http://www.kyuden.co.jp/
60,,,,,,
61,,,,,,
62,自動車・自動車部品,いすゞ自動車(株),連結：35262名　単独：8289名 (2018年3月末現在),東京都品川区南大井6-26-1 大森ベルポートA館,〒140-8722東京都品川区南大井6-26-1 大森ベルポートA館総務人事部 採用担当,http://www.recruit.isuzu.co.jp/shinsotsu/
63,,,,,,
64,,,,,,
65,,,,,,
66,食品,山崎製パン(株),19478名,東京都千代田区岩本町3-10-1,山崎製パン(株)【人事本部　採用課】関東以北地区担当：山本伸一・山田武洋・冨永啓一・梅宮佐知子・池田茉莉子〒101-8585東京都千代田区岩本町3-10-1TEL:03-5821-2255関西担当:村尾正章・中坪由美子・幸塚美香・北野 央〒532-0003大阪府大阪市淀川区宮原3-3-31上村ニッセイビル11階　人事本部関西分室TEL:06-6350-0371中部地区担当：谷垣武志〒451-8565愛知県名古屋市西区玉池町36名古屋工場人事課TEL:052-501-1111中四国地区担当：山下益教〒719-1198岡山県総社市井尻野800岡山工場人事課TEL:0866-93-2113九州地区担当：福並秀人〒811-3198福岡県古賀市古賀69福岡工場人事課TEL:092-943-5162,http://www.yamazakipan.co.jp/
67,非鉄金属,住友電気工業(株),連結　255133人(2018年3月末)単独　5100人    (2018年3月末),東京都港区元赤坂1-3-13 赤坂センタービルディング　,〒107-8468　東京都港区元赤坂1-3-13 赤坂センタービルディング　人事部　人材採用部　東京人事・採用グループ　宿島／海津／若林／高橋　TEL:03-6406-2610〒541-0041  大阪府大阪市中央区北浜4-5-33　人事部　人材採用部　採用企画グループ　藤九／田中／渡辺（麻）／大沼／城　TEL:06-6220-4134,住友電工採用ホームページhttp://www.sei.co.jp/career/fresh/index.html
68,,,,,,
69,ガス・エネルギー,東京ガス(株),7862人（2018年3月31日現在),東京都港区海岸1-5-20,〒105-8527　東京都港区海岸1-5-20東京ガスグループ　採用事務局TEL:03-3437-1366（直）,https://www.tokyo-gas-recruit.com/
70,,,,,,
71,,,,,,
72,生命保険,マニュライフ生命保険(株),3891名　（2018年３月31日現在）,東京都新宿区西新宿3-20-2 東京オペラシティタワー30階,マニュライフ生命保険(株)東京都新宿区西新宿3-20-2　東京オペラシティタワー30階人事部　採用mlj_recruit@manulife.com,
73,電力,東北電力(株),12316名（2018年3月）,宮城県仙台市青葉区本町1-7-1,〒980-8550宮城県仙台市青葉区本町1-7-1人財部（採用担当）TEL:022-225-2111(代),http://www.tohoku-epco.co.jp/person/
74,建設,鹿島建設(株),,東京都港区元赤坂1-3-1,〒107-8388東京都港区元赤坂1-3-1鹿島建設(株)　人事部人事グループ　新卒採用担当e-mail:www-recruit@ml.kajima.com ※お問い合わせはE-mailで受け付けています。,http://www.kajima.co.jp/prof/recruit/new/
75,,,,,,
76,,,,,,
77,,,,,,
78,スーパーマーケット,(株)イトーヨーカ堂,35413名（2018年2月期）,東京都千代田区二番町8番地8,〒102-8450東京都千代田区二番町8番地8人事部採用担当TEL:03-6238-2979（直）※月～金　9:30～17:30,http://www.itoyokado.co.jp/
79,陸運（貨物・バス・タクシー）,西濃運輸(株),12877名,岐阜県大垣市田口町1,本社人事部人事課岐阜大垣本社／TEL：0584-82-5091／小原、酒向、宇野、浅井,http://www.seino.co.jp/
80,精密機器,富士ゼロックス(株),,東京都港区赤坂九丁目7番3号,〒107-0052　東京都港区赤坂9-7-3富士ゼロックス(株)　採用育成センターTEL:03-6271-5111（代表）,https://www.fujixerox.co.jp/company/saiyo
81,,,,,,
82,重電・産業用電気機器,富士電機(株),連結27009名 （2018年3月末現在）,東京都品川区大崎1-11-2　ゲートシティ大崎イーストタワー,〒141-0032東京都品川区大崎1-11-2　ゲートシティ大崎イーストタワー富士電機(株)　採用担当TEL:0120-004-633 ,03-5435-7224,http://www.fujielectric.co.jp/
83,半導体・電子・電気機器,京セラ(株),75940名（持分法適用子会社、持分法適用関連会社は除く。2018年3月31日現在）,京都市伏見区竹田鳥羽殿町6,本社／〒612-8501京都府京都市伏見区竹田鳥羽殿町6人材開発部 人材開発課　TEL:075-604-3510（直通）横浜事業所／〒224-8502神奈川県横浜市都筑区加賀原2-1-1人材開発部　横浜人材開発課　TEL:045-943-6182（直通）,http://www.kyocera.co.jp/recruit/new/■お問い合わせURL 　https://contact.kyocera.co.jp/inquiry/ja/recruit_new/input.html
84,,,,,,
85,建設,大成建設(株),8501名（男6977名、女1524名）※臨時従業員を含む場合9662名（2018年3月末）,東京都新宿区西新宿1-25-1 新宿センタービル,〒163-0606　東京都新宿区西新宿1-25-1新宿センタービル人事部人事室　中山・亀岡・盛山・水野・安齋・内田TEL:03-5381-5015（人事部）,https://www.taisei.co.jp/saiyo/new/
86,,,,,,
87,,,,,,
88,空輸,全日本空輸(株) 【ANA】,1万3928名（2018年3月31日現在）,東京都港区東新橋1-5-2　汐留シティセンター,〒144-8515東京都大田区羽田空港3-3-2ANA 人事部　採用担当E-mail　　saiyou@ana.co.jp,https://www.ana.co.jp/group/recruit/
89,,,,,,
90,,,,,,
91,精密機器,(株)リコー,9757名　　(2018年3月31日現在）,東京都大田区中馬込1-3-6,〒143-8555 東京都大田区中馬込1-3-6(株)リコー　人事部 採用センター,http://jp.ricoh.com/jobs/newgraduate/
92,,,,,,
93,,,,,,
94,,,,,,
95,,,,,,
96,化学,富士フイルム(株),77739名 （2018年3月期：連結）　5223名（2018年3月期：単独）,東京都港区赤坂9-7-3,〒107-0052　東京都港区赤坂9-7-3富士フイルム(株)　人事部　採用グループお問合せフォーム：https://goo.gl/forms/Qn4OG4g89ribvbqJ3採用情報は、採用HPを通じてお知らせ致しますのでご確認ください。,http://www.fujifilm.co.jp/corporate/jobs/index.html
97,損害保険,東京海上日動火災保険(株),1万7483名（男8866名、女8617名）（2018年3月31日現在）,東京都千代田区丸の内1-2-1,本店／人事企画部 人材開発室　採用チーム〒100-8050 東京都千代田区丸の内1-2-1TEL:03-3217-0700関西／関西業務支援部 人事・総務グループ〒541-8555 大阪市中央区高麗橋3-5-12TEL:06-6910-5592,http://www.saiyou.tokiomarine-nichido.co.jp/
99,,,,,,
100,,,,,,
101,,,,,,
102,,,,,,
103,,,,,,
104,,,,,,
105,損害保険,損害保険ジャパン日本興亜(株),26189人 　※2018年3月31日現在,東京都新宿区西新宿1-26-1,〒160-8338 東京都新宿区西新宿1-26-1 損保ジャパン日本興亜　人事部　採用グループTE:03-3349-9520（9：00～17：00）,＜損保ジャパン日本興亜　採用ホームページ＞https://www.sompojapan-nipponkoa-saiyo.com/
106,,,,,,
107,鉄道,西日本鉄道(株),4553名（他社への出向者等は除く／2018年3月31日現在）,福岡市中央区天神1-11-17,〒810-8570福岡市中央区天神1-11-17　福岡ビル内 人事部人事課　TEL:092-734-1572,http://nishitetsu-recruit.jp/
108,証券,野村證券(株),13093名　（2018.3）,東京都中央区日本橋1-9-1,〒103-8011東京都中央区日本橋1-9-1　人事部 新卒採用TEL：03-3271-9981,https://www.nomura-recruit.jp/graduate/2020/
109,建設,清水建設(株),10672名（2018年4月1日現在）,東京都中央区京橋2-16-1,【郵便番号】〒104-8370【住所】東京都中央区京橋2-16-1　　　　人事部人財開発グループ,http://www.shimz.co.jp/saiyou/new/index.html
110,繊維,東レ(株),7625名(2018年3月時点),東京都中央区日本橋室町2-1-1,TEL:0120-506-095（採用フリーダイヤル）,
111,,,,,,
112,建設,(株)大林組,8609名（男性7285名、女性1324名）（2018年3月末時点）,東京都港区港南2-15-2　品川インターシティB棟,■東京都港区港南2-15-2　品川インターシティB棟　人事部　担当／筒井、佐藤、清家　TEL:03-5769-1241,【大林組ホームページ】http://www.obayashi.co.jp/【大林組採用ホームページ】http://www.obayashi.co.jp/recruit
113,ガス・エネルギー,大阪ガス(株),5617名,大阪市中央区平野町4-1-2,〒541-0046 大阪市中央区平野町4-1-2 大阪ガス(株) 人事部　採用事務局TEL:06-6205-4578 （9:00～17:30　土日祝日は除く） ,http://www.osakagas.co.jp/Recruit/index.html
114,,,,,,
115,建設,(株)竹中工務店,7400名（2018年1月現在）,,■北海道支店〒060-0042　北海道札幌市中央区大通西４－１管理部　総務・人事Ｇ　東（あずま）TEL:011-261-2261E-Mail:azuma.kouki@takenaka.co.jp■東北支店〒980-0803　宮城県仙台市青葉区国分町3丁目4-33管理部　総務・人事Ｇ　神山（かみやま）TEL:022-262-1711E-Mail:kamiyama.hiroshi@takenaka.co.jp ■東京本店〒136-0075　東京都江東区新砂1-1-1人事部　能力開発Ｇ　宮崎（みやざき）TEL:03-6810-5000E-Mail:tokyoj@takenaka.co.jp ■名古屋支店〒460-8633　愛知県名古屋市中区錦2丁目2-13総務部　人事Ｇ　曽我（そが）TEL:052-211-2111E-Mail:soga.tsukasa@takenaka.co.jp■大阪本店〒541-0053　大阪府大阪市中央区本町4丁目1-13人事部　能力開発Ｇ　森（もり）TEL:06-6252-1201 E-Mail:mori.yuudai@takenaka.co.jp■広島支店〒730-0015　広島県広島市中区橋本町10-10管理部　総務Ｇ　古川（ふるかわ）TEL:082-212-0111 E-Mail:furukawa.tomoya@takenaka.co.jp■九州支店〒810-0001　福岡件福岡市中央区天神4-2-20管理部　人事Ｇ　今山（いまやま）TEL:092-711-1211 E-Mail:imayama.toshihiro@takenaka.co.jp,http://www.takenaka.co.jp/
116,ガラス・セラミックス,AGC(株)（旧社名：旭硝子(株)）,6401名（単独）約53200名（連結）※2017年12月末現在,東京都千代田区丸の内1-5-1新丸の内ビルディング,〒100-8405　東京都千代田区丸の内1-5-1　新丸の内ビルディング人事部　採用担当TEL:03-3218-5283（直通）,http://www.agc.com
117,,,,,,
118,,,,,,
119,化学,東洋紡(株),単体3080名　連結9494名(2018年3月31現在),大阪市北区堂島浜2丁目2番8号,〒530-8230　大阪市北区堂島浜2-2-8人事部 人材開発グループ採用担当　野中（のなか）・和田（わだ）TEL：06-6348-4473Mail：saiyou_bumon2@toyobo.jp,http://www.toyobo.co.jp/
120,,,,,,
121,証券,ＳＭＢＣ日興証券(株),10561人（2018年9月30日現在）※SMBC日興証券単体,東京都千代田区丸の内3-3-1,〒103-6120東京都中央区日本橋2-5-1日本橋高島屋三井ビルディング20階 人事部採用課TEL:03-5204-7850,https://www.smbcnikko.co.jp/recruit/student/index.html
122,,,,,,
123,設備工事,(株)関電工【東証一部上場】,7339名（2019年3月末在籍）,東京都港区芝浦4-8-33,〒108-8533東京都港区芝浦4-8-33労務人事部人事チーム　採用担当TEL:03-5476-3357（採用担当直通）,http://www.kandenko.co.jp/saiyou/
124,生活協同組合,生活協同組合コープこうべ,,兵庫県神戸市東灘区住吉本町1-3-19,〒658-8555兵庫県神戸市東灘区住吉本町1-3-19生活協同組合コープこうべ組織管理部　人事・労政／採用担当TEL:078-856-1321FAX:078-856-1322,http://www.kobe.coop.or.jp/
125,,,,,,
126,,,,,,
127,,,,,,
128,総合商社,三菱商事(株),単体 6129名／連結 77476名（2018年3月31日時点）,,〒100-8086東京都千代田区丸の内二丁目3番1号TEL:03-3210-2221（新卒採用担当）,https://www.mitsubishicorp.com/jp/ja/recruit/
129,総合商社,三井物産(株),5859名 (連結従業員数42304名) (2018年3月31日現在),,〒100-8631東京都千代田区大手町1-3-1三井物産(株)　人事総務部人材開発室TEL.03-3285-4128,http://career.mitsui.com/newgraduate
130,,,,,,
131,,,,,,
132,,,,,,
133,,,,,,
134,金属製品,日立金属(株),単独：  6315名（2018年3月末現在）連結： 30390名（2018年3月末現在）,東京都港区港南1-2-70 品川シーズンテラス ,〒108-8224 東京都港区港南1-2-70 品川シーズンテラス 日立金属(株) 人材開発・ダイバーシティ推進部 採用担当 ,https://www.hitachi-metals.co.jp/
135,,,,,,
136,,,,,,
137,,,,,,
138,,,,,,
139,精密機器,セイコーエプソン(株),連結 76391名/単体12502名（2018年3月31日現在）,長野県諏訪市大和3-3-5,■セイコーエプソン(株)〒160-8801東京都新宿区新宿4-1-6 JR新宿ミライナタワー29階採用センターTEL:03-5368-0972MAIL:Epson_saiyo@exc.epson.co.jp,http://www.epson.jp/recruit/
140,自動車・自動車部品,日野自動車(株)【トヨタグループ】, 32719人(2018年3月31日時点 連結),東京都日野市日野台3丁目1番地1,〒191-8660東京都日野市日野台3-1-1日野自動車　グローバル人財開発部　新卒採用担当TEL:042-586-5063,会社ホームページhttp://www.hino.co.jp/
141,鉄鋼,大同特殊鋼(株),【連結】11873名【単体】  3340名 ,名古屋市東区東桜一丁目1-10　アーバンネット名古屋ビル,〒461-8581名古屋市東区東桜一丁目1-10（アーバンネット名古屋ビル22F） 人事部採用室［文系担当：谷澤、南］［理系担当：木村］0120-20-5894（学生専用）　052-308-5479（採用室ダイヤルイン）,https://www.daido.co.jp/
142,,,,,,
143,,,,,,
144,証券,大和証券(株)【障がい者採用窓口】,8942名（2018年3月末現在）,東京都千代田区丸の内1-9-1　グラントウキョウノースタワー,〒100-6752東京都千代田区丸の内1-9-1　グラントウキョウノースタワー大和証券　人事部　障がい者採用担当TEL：03-5555-7000,大和証券グループ採用情報ホームページhttp://www.daiwa-grp-recruit.jp/2020/saiyo-h/
145,建設,(株)熊谷組,2382名（2018年3月31日現在）,東京都新宿区津久戸町2-1,〒162-8557東京都新宿区津久戸町2-1本社　人事総務部　採用担当　沼口・白田（はくた）TEL:03-3235-8610　FAX:03-5261-7590,http://www.kumagaigumi.co.jp/
146,設備工事,(株)きんでん,7601名（2018年3月末）,東京都千代田区九段南2丁目1番21号,〒531-8550　大阪市北区本庄東2丁目3番41号大阪本店　人事部採用チーム　TEL:06-6375-6019〒102-8628　東京都千代田区九段南2丁目1番21号東京本社　人事部採用チーム　TEL:03-5210-7272,http://www.kinden.co.jp/
147,鉄鋼,日鉄日新製鋼(株) 【旧社名：日新製鋼(株) 】 ,7859名（連結：2018年3月末）,東京都千代田区丸の内3-4-1 新国際ビル,〒100-8366東京都千代田区丸の内3-4-1 新国際ビル人事部　人材開発チーム,http://www.nisshin-steel.co.jp/saiyo/
148,,,,,,
149,化学,住友化学(株),31837名（2018年03月31日現在）,東京都中央区新川2-27-1 東京住友ツインビルディング（東館）,〒104-8260　東京都中央区新川2-27-1東京住友ツインビルディング（東館）人事部　採用担当TEL:03-5543-5389,https://www.sumitomo-chem.co.jp/
150,,,,,,
151,,,,,,
152,,,,,,
153,,,,,,
154,,,,,,
155,,,,,,
156,,,,,,
157,,,,,,
158,,,,,,
159,情報処理,日本ユニシス(株),4190名、グループ：7817名（2018年3月31日現在）,東京都江東区豊洲1-1-1,〒135-8560東京都江東区豊洲1-1-1採用センター　TEL:03-5546-7600（採用専用ダイヤル）,http://www.unisys.co.jp/RECRUIT/newgraduate.html
160,総合商社,丸紅(株),4497名（2018年4月）,東京都中央区日本橋二丁目7番1号　東京日本橋タワー,【東京】　丸紅(株)　人事部 採用・人材開発課　〒103-6060　東京都中央区日本橋二丁目7番１号　東京日本橋タワー　Email:saiyo@marubeni.com,http://www.marubeni-recruit.com/
161,総合商社,伊藤忠商事(株),4342名(2018年7月1日現在),東京都港区北青山2-5-1,〒107-8077 東京都港区北青山2-5-1　伊藤忠商事(株)人事・総務部 採用・人材マネジメント室E-mail:jinji@itochu.co.jp,http://career.itochu.co.jp/student/
162,,,,,,
163,,,,,,
164,,,,,,
165,機械,キャタピラージャパン合同会社,2200名（2019年1月現在）,神奈川県横浜市西区みなとみらい3-7-1,〒674-8686兵庫県明石市魚住町清水1106-4TEL：078-943-2117キャタピラージャパン　人事企画室大卒採用担当,キャタピラージャパン　http://japan.cat.com/採用ホームページ　http://www.japan-cat-recruit.com/index.html
166,,,,,,
167,精密機器,NTN(株),25493名(連結)、5382名(国内)　※2018年3月末時点,大阪府大阪市西区京町堀1-3-17,〒550-0003　大阪市西区京町堀1-3-17グローバル人材育成部　採用グループTEL: 06-6449-3548,https://www.ntn.co.jp/japan/
168,,,,,,
169,鉄道,東京急行電鉄(株),4535人（2018年3月末）,東京都渋谷区南平台町5-6,〒150-8511　東京都渋谷区南平台町5-6人材戦略室　人事開発部　採用センターTEL：03-3477-6134,http://tokyu-jinji.jp/
170,,,,,,
171,銀行（地銀）,(株)横浜銀行,4730名 （2018年3月31日現在）,横浜市西区みなとみらい3-1-1,横浜銀行　人財部金融ビジネススクール松浦・足立045-225-1212,http://www.boy.co.jp
172,,,,,,
173,,,,,,
174,,,,,,
175,スーパーマーケット,ユニー(株)【PPIHグループ】 ,22507名 （2018年7月期実績）内正社員4696名　（男性3774名、女性922名） ,愛知県名古屋市中村区平池町四丁目60番地の12　グローバルゲート（受付19F）,〒453-6125愛知県名古屋市中村区平池町四丁目60番地の12グローバルゲート25階(受付19階)ユニー(株)　総務人事部　採用担当 電話　052-585-3035,https://www.uny.co.jp/recruit/
176,輸送用機器,(株)豊田自動織機,61152名（2018年3月31日現在）,愛知県刈谷市豊田町2-1,〒448-8671　愛知県刈谷市豊田町2-1人事部　人材開発室　要員・採用グループTEL:0566-27-5148（直）,http://www.toyota-shokki.co.jp/saiyo/
177,,,,,,
178,住宅,大和ハウス工業(株),16275名（2018年4月1日現在）,大阪府大阪市北区梅田3-3-5,人事部採用グループ（大阪）　（担当：千原）　〒530-8241　大阪府大阪市北区梅田3-3-5　TEL:06-6342-1383　　FAX:06-6342-1590　　   Mail:saiyou@daiwahouse.jp人事部採用グループ（東京）　（担当：松本）　〒102-8112　東京都千代田区飯田橋3-13-1　TEL:03-5214-2060　　FAX:03-5214-2127　Mail:t-jinji@daiwahouse.jp,http://www.daiwahouse.co.jp/student/
179,,,,,,
180,,,,,,
181,,,,,,
182,,,,,,
183,,,,,,
184,化学,花王(株),7655人（2018年12月31日現在）,東京都中央区日本橋茅場町1-14-10, 〒103-8210　東京都中央区日本橋茅場町1-14-10人財開発部門　採用担当,
185,,,,,,
186,精密機器,(株)ニコン,単独:4444名連結:21029名（2018年3月末現在）,東京都港区港南2－15－3 品川インターシティC棟,〒108-6290 　東京都港区港南2-15-3 品川インターシティC棟人事部 採用担当E-mail:Recruitment.Nc@nikon.com,https://www.nikon.co.jp/recruitment/index.htm
187,陸運（貨物・バス・タクシー）,鴻池運輸(株),連結:約24000名単独:約15000名,大阪市中央区伏見町4-3-9　HK淀屋橋ガーデンアベニュー,【大阪本社】〒541-0044大阪市中央区伏見町4-3-9 HK淀屋橋ガーデンアベニュー鴻池運輸(株)　採用部【東京本社】〒104-0061東京都中央区銀座6-10-1 GINZA SIX鴻池運輸(株)　採用部採用フリーダイヤル：0120-19-4583,https://www.konoike.net/recruit/saiyo/
188,,,,,,
189,,,,,,
190,総合商社,住友商事(株),5338名（連結ベース　63299名）（2018年9月30日現在）,東京都千代田区大手町二丁目3番2号,住友商事(株) 人事部 採用チーム〒100-8601　東京都千代田区大手町二丁目3番2号　大手町プレイスイーストタワー,http://www.sumitomocorp-recruiting.com/採用に関する情報は採用ホームページを通じてお知らせします。
191,,,,,,
192,,,,,,
193,タイヤ・ゴム製品,横浜ゴム(株),5245名（2017年12月末現在・単独）25439名（2017年12月末現在・連結）,東京都港区新橋5-36-11,横浜ゴム(株)グローバル人事部 採用担当〒105-8685 東京都港区新橋5-36-11TEL:03-5400-4515,http://www.y-yokohama.com/
194,,,,,,
195,,,,,,
196,,,,,,
197,機械,ダイキン工業(株),連結　70263名(2018年3月現在),大阪市北区中崎西2-4-12　梅田センタービル,〒530-8323　大阪市北区中崎西2-4-12　梅田センタービル人事本部　採用グループTEL:06-6373-4316,http://www.daikin.co.jp/
198,,,,,,
199,,,,,,
200,政府系・系統金融機関,(株)商工組合中央金庫（商工中金）,3857名（201８年3月末現在）,東京都中央区八重洲2-10-17,〒104-0028　東京都中央区八重洲2-10-17人事部　採用担当TEL:03-3246-9261（直通）,◆採用ホームページhttps://shochu-saiyo.com/◆企業ホームページhttp://www.shokochukin.co.jp/
201,重電・産業用電気機器,横河電機(株)【東証一部上場】,2590名（個別）　18290名（連結）（2018年3月期）,東京都武蔵野市中町2-9-32,〒180-8750東京都武蔵野市中町2‐9‐32横河電機(株)　人財総務本部　人財センター　採用・活用課　新卒採用担当TEL:0422-52-7796,http://www.yokogawa.co.jp/recruit
202,電力,北海道電力(株),,,〒060-8677北海道札幌市中央区大通東1丁目2番地北海道電力(株)　人事労務部人事計画グループTEL:011-251-4367（直通）,http://www.hepco.co.jp/recruit/
203,,,,,,
204,クレジット・信販,(株)オリエントコーポレーション【オリコ】,3634名（2018年3月現在）,東京都千代田区麹町5-2-1,〒102-8503　東京都千代田区麹町5-2-1人事部　人材開発チーム　採用担当TEL:0120-295-242,https://www.orico.co.jp/company/recruit/graduates/
205,,,,,,
206,,,,,,
207,,,,,,
208,信託銀行・投資銀行・投資信託委託,三井住友信託銀行(株),1万3647名（2017年3月31日現在）,東京都千代田区丸の内1-4-1,人事部　採用プロジェクトチーム03-6256-6363,＊三井住友信託銀行 新卒採用ホームページ　http://smtg-recruit.jp/
210,,,,,,
211,電力,四国電力(株),4489名（2019年3月）,香川県高松市丸の内2-5,〒760-8573　香川県高松市丸の内2-5四国電力(株)人事労務部　人事グループ　採用担当　TEL:090-6285-3320 もしくは 3321（採用担当直通）,http://www.yonden.co.jp/
212,,,,,,
213,,,,,,
214,,,,,,
215,,,,,,
216,,,,,,
218,,,,,,
219,損害保険,三井住友海上火災保険(株),14572名(2018年3月31日現在),東京都千代田区神田駿河台3-9,三井住友海上火災保険(株)〒101-8011 東京都千代田区神田駿河台3丁目9番地　三井住友海上駿河台ビル人事部　採用チームマイページよりログインいただき、お問い合わせフォームよりお願いいたします。,▼採用ホームページはこちらhttp://www.msig-saiyou.com/
220,薬品,第一三共(株),約1万5000名　連結/2018年,東京都中央区日本橋本町3-5-1,〒103-8426 東京都中央区日本橋本町3-5-1第一三共(株)　採用担当TEL:03-6740-9635,http://www.daiichisankyo-recruiting.com/
221,,,,,,
222,石油,出光興産(株)【出光昭和シェル】,8955名（2018年3月末：連結）,東京都千代田区丸の内3-1-1,〒135-8074　東京都港区台場2-3-2　台場フロンティアビル出光昭和シェル採用チーム※お問合せはマイページよりお願いします。,http://www.idemitsu.co.jp/recruit/future/index.html
223,,,,,,
224,,,,,,
225,,,,,,
226,,,,,,
227,,,,,,
228,,,,,,
229,,,,,,
230,,,,,,
231,,,,,,
232,,,,,,
233,電力,北陸電力(株),5229名（2018年3月末）,,北陸電力(株)人事労務部人材開発チーム　採用担当〒930-8686　富山県富山市牛島町15-1TEL:076-405-3161（平日9：00～17：00）,http://www.rikuden.co.jp/saiyo/tousya_top.html
234,化学,三井化学(株),17277名(2018年3月末）,,〒105-7122 東京都港区東新橋1-5-2 汐留シティセンター　人事部 採用担当　　事業・アドミ系　：櫨山　義裕（はぜやま　よしひろ）　技術系　　　　　：邵　　星韵（しょう　しんいん）　　TEL:03-6253-2260　FAX:03-6253-4248,【会社HP】http://jp.mitsuichem.com/career/
235,,,,,,
236,,,,,,
237,総合商社,双日(株),単体 ：2451名連結 ：18899名 （2018年9月30日現在）,東京都千代田区内幸町2-1-1,〒100-8691　東京都千代田区内幸町2-1-1人事総務部 採用課（新卒採用チーム）TEL:03-6871-3820,http://www.sojitz.com/saiyo/
238,食品,味の素(株),単体3464名（2018年3月31日現在）,東京都中央区京橋1-15-1,〒104-8315　東京都中央区京橋1-15-1味の素(株)　採用担当当社採用ホームページ「お問い合わせ」よりお問い合わせください。https://www.ajinomoto.com/jp/recruit/,
239,,,,,,
240,,,,,,
242,,,,,,
244,,,,,,
245,自動車・自動車部品,UDトラックス(株)【Volvo Group】,6307名,埼玉県上尾市大字壱丁目1番地,〒362-8523埼玉県上尾市大字壱丁目1番地UDトラックス(株)人事部 採用担当    ,http://www.udtrucks.com/ja-jp/home
246,,,,,,
247,,,,,,
248,,,,,,
249,,,,,,
250,自動車・自動車部品,日産車体(株),1887名（2018年3月期）,神奈川県平塚市堤町2-1,〒254-8610　神奈川県平塚市堤町2-1TEL:0463-21-8010人事部採用グループ,http://www.nissan-shatai.co.jp
251,自動車・自動車部品,豊田合成(株),6485名(単独)　38234名(連結)　2018年3月末,愛知県清須市春日長畑1番地,豊田合成(株)人事部　要員・採用室　採用チーム　印藤【所在地】〒452-8564愛知県清須市春日長畑1番地【電話番号】TEL:052-400-1276採用直通フリーダイヤル:0120-009-314※フリーダイヤルは携帯電話からはつながらないことがあります。,http://www.toyoda-gosei.co.jp/recruit/rec_graduate/index.html
252,,,,,,
253,建設,戸田建設(株),4016名(2018年3月末時点・単独),東京都中央区京橋一丁目7番1号,戸田建設(株)人事部採用グループ　福間・上條〒104-8388　東京都中央区京橋1-7-1　TODABUILDING（問い合わせはメールにてお願いします。）,http://www.toda.co.jp/
255,銀行（地銀）,(株)北陸銀行（ほくほくフィナンシャルグループ）,2732名(2018年3月末),富山県富山市堤町通り1-2-26,●経営管理部　採用担当富山県富山市堤町通り1-2-26TEL:076-423-7111●東京事務所　採用担当東京都中央区日本橋室町3-2-1日本橋三井タワー14階TEL:03-3231-7302,http://www.hokugin.co.jp/
256,,,,,,
257,百貨店,(株)阪急阪神百貨店,3207名 (2018年03月現在) ,大阪市北区角田町8番7号,(株)阪急阪神百貨店〒530-8350　大阪市北区角田町8-7TEL:06-6373-1331（直通）人事室　採用担当,http://www.hankyu-hanshin-dept.co.jp/saiyo/
258,,,,,,
259,化粧品,(株)コーセー,7758名(2018年3月期末 嘱託・パートを除く),東京都中央区日本橋3-6-2,〒103-8251東京都中央区日本橋3-6-2(株)コーセー　人事部人材開発室　採用担当担当：小坂・大西Eメール：k-saiyo@kose.co.jp（平日10:00～18:00）※上記宛先は、コーセーに初めてお問い合わせいただく方専用となります。既にコーセーマイページに登録済の方は、マイページにログイン後、TOPページの「お問い合わせ」フォームよりお問い合わせください。※電話でのお問合せは対応いたしかねますのでお控え下さい。,http://www.kose.co.jp/(HP)
260,,,,,,
261,化学,(株)クラレ,10768名(2018年12月末・連結)4019名(2018年12月末・単体),東京都千代田区大手町1-1-3　大手センタービル,【東京】人事部採用担当　●住所:〒100-8115　　　　 東京都千代田区大手町1-1-3　大手センタービル　　　　【大阪】人事部採用担当　●住所:〒530-8611　　　　 大阪府大阪市北区角田町8-1　梅田阪急ビルオフィスタワー,https://www.kuraray.co.jp/recruit/index.html
262,精密機器,ブラザー工業(株),連結　38628名 / 単独　3937名　(2018年3月31日現在) ,愛知県名古屋市瑞穂区苗代町15-1,〒467-8561　愛知県名古屋市瑞穂区苗代町15-1人事部　採用教育グループフリーダイヤル:0120-212-510技術系採用担当　:　粕谷（カスタニ）事務系採用担当　:　永野（ナガノ）・松田（マツダ）,https://www.brother.co.jp/corporate/bil/recruit/fresh/index.aspx
263,,,,,,
264,,,,,,
265,化学,積水化学工業(株),26486名（2019年3月期連結ベース）,大阪府大阪市北区西天満2-4-4,[採用連絡先]〒105-8450 東京都港区虎ノ門2-3-17人事部　人事グループ　採用担当,http://www.sekisui.co.jp/person/
266,銀行（地銀）,(株)常陽銀行（めぶきフィナンシャルグループ）,3419名（2018年9月末）,茨城県水戸市南町2-5-5,人事部人材開発戦略室〒309-1703　笠間市鯉渕6246-1TEL：0296-78-1261,http://www.joyobank.co.jp/
267,薬品,協和発酵キリン(株),7532名（連結）※2017年12月31日現在,東京都千代田区大手町1-9‐2　大手町フィナンシャルシティ　グランキューブ,〒100‐0004東京都千代田区大手町1－9－2　大手町フィナンシャルシティ　グランキューブ協和発酵キリン(株)採用事務局,●採用HP　http://www.kyowa-kirin.co.jp/careers/recruit/
268,,,,,,
269,薬品,田辺三菱製薬(株),4222名（単体2018年3月末）7187名（連結2018年3月末）,大阪市中央区道修町3-2-10,〒103-8405東京都中央区日本橋小網町17-10人事部　採用担当TEL:03-6748-7703,http://www.mt-pharma.co.jp
270,化学,昭和電工(株),10589人（連結）※2018年6月30日現在,東京都港区芝大門一丁目13番9号,〒105-8518東京都港区芝大門一丁目13番9号 TEL:03-5470-3100（人事部　ダイヤルイン）,【HP】http://www.sdk.co.jp/【採用ページ】http://www.sdk.co.jp/contents/recruit/html/new/index.html
271,,,,,,
272,,,,,,
273,精密機器,東芝テック(株),19780名（2018年3月連結）   3586名（2018年3月単独） ,東京都品川区大崎1-11-1 ゲートシティ大崎ウエストタワー,〒141-8562　東京都品川区大崎1-11-1 ゲートシティ大崎ウエストタワー　　　　　　　東芝テック(株)　総務部 人財開発室 採用担当　　　　　　　TEL:03-6830-9156,http://www.toshibatec.co.jp/
274,銀行（地銀）,(株)千葉銀行,4394名（2018年9月30日現在）,千葉県千葉市中央区千葉港1-2,〒260-8720 千葉県千葉市中央区千葉港1-2人材育成部人材サポートグループ（採用担当）TEL:043-301-9236（直）,http://www.chibabank.co.jp/
275,,,,,,
276,タイヤ・ゴム製品,住友ゴム工業(株),7175名（2018年12月末現在）,兵庫県神戸市中央区脇浜町3-6-9,人材開発部　新卒採用担当 TEL:078-265-3164,企業HPhttp://www.srigroup.co.jp/index.html採用HPhttp://www.srigroup.co.jp/saiyou/
277,,,,,,
278,,,,,,
279,,,,,,
280,自動車・自動車部品,カルソニックカンセイ(株),22678名（2018年3月末/連結）,埼玉県さいたま市北区日進町2-1917,〒331-8501　 埼玉県さいたま市北区日進町2丁目1917番地 人事グループ 採用担当：シン、千葉TEL:048-661-1419,https://www.calsonickansei.co.jp/index.html
281,ガラス・セラミックス,日本ガイシ(株),22483人（2018年3月）,愛知県名古屋市瑞穂区須田町2-56,名古屋／〒467-8530　愛知県名古屋市瑞穂区須田町2-56人事部採用グループ　TEL：0120-34-7331FAX：052-872-7837,http://www.ngk.co.jp/recruit/
282,精密機器,コニカミノルタ(株),43299名（連結：2018年3月現在）,東京都千代田区丸の内2-7-2　JPタワー ,【採用関係連絡先】コニカミノルタ(株)人事部　人財採用グループ〒192-8505　東京都八王子市石川町2970TEL:0120-338-583（フリーダイヤル）,https://konicaminolta.saiyo.jp/group2020/faq.php
283,化学,日立化成(株),22623名（連結ベース）  6480名（単独ベース）（2018年3月）,東京都千代田区丸の内一丁目9番2号　グラントウキョウサウスタワー,〒100-6606東京都千代田区丸の内一丁目9番2号　グラントウキョウサウスタワー人財総務部　人財企画グループ　採用担当TEL：03-5533-7225(直通),http://www.hitachi-chem.co.jp
284,,,,,,
285,,,,,,
286,,,,,,
287,旅行・観光,(株)日本旅行,2680名（2018年4月1日現在）,東京都中央区日本橋1-19-1　日本橋ダイヤビルディング,〒103-8266 東京都中央区日本橋1-19-1　日本橋ダイヤビルディング(株)日本旅行　総務人事部採用担当TEL：03-6895-7800,ホームページアドレス http://www.nta.co.jp
288,,,,,,
289,,,,,,
291,,,,,,
292,鉄道,京成電鉄(株),1641名（2018年3月31日現在）,千葉県市川市八幡3-3-1,〒272-8510千葉県市川市八幡3-3-1TEL:047-712-7078（人事課採用担当）,http://www.keisei.co.jp/
293,,,,,,
294,建設,佐藤工業(株),1139名（2018年9月現在）,東京都中央区日本橋本町4-12-19,〒103-8639　東京都中央区日本橋本町4-12-19本社　総務部　人材開発課　採用担当TEL:03-3661-1305（ダイヤルイン）,http://www.satokogyo.co.jp/saiyo
295,,,,,,
296,,,,,,
297,,,,,,
298,,,,,,
299,,,,,,
300,,,,,,
301,半導体・電子・電気機器,日本テキサス・インスツルメンツ合同会社,約1200名,東京都新宿区西新宿6-24-1 西新宿三井ビル,〒160-8366　東京都新宿区西新宿6-24-1 西新宿三井ビルTEL:03-4331-2535採用担当あて,http://www.tij.co.jp
302,半導体・電子・電気機器,(株)富士通ゼネラル,単独：1609名 （2018年3月現在）連結：7392名 （2018年3月現在）,神奈川県川崎市高津区末長3丁目3番17号 ,〒213-8502 神奈川県川崎市高津区末長3丁目3番17号 人事統括部　採用担当 E-mail：recruit-cs@fujitsu-general.com ※採用に関するお問い合わせはメールにてお願いいたします。 ,
303,機械,日立造船(株)【Hitz日立造船】,＜連結＞10377名（2018年3月31日現在）＜単体＞  4034名（2018年3月31日現在）,大阪府大阪市住之江区南港北1-7-89　,◆大阪本社　〒559-8559　大阪市住之江区南港北1-7-89　人事部　採用・教育グループ　霜山、細見、芦田、石橋、上口、谷口　TEL:0120-46-7518 / 06-6569-0019(直通)　　E-mail:hq-saiyo@mml.is.hitachizosen.co.jp　,http://www.hitachizosen.co.jp/employ/
305,,,,,,
306,,,,,,
307,精密機器,オリンパス(株),35933人 (2018年3月期／連結),東京都新宿区西新宿2-3-1　新宿モノリス,〒163-0914東京都新宿区西新宿2-3-1 新宿モノリス　人事部人材開発グループ ,http://www.olympus.co.jp/
308,,,,,,
309,,,,,,
310,精密機器,セイコーインスツル(株),連結　6801名(2018年3月31日現在),千葉県千葉市美浜区中瀬1-8,〒261-8507　千葉県千葉市美浜区中瀬1-8 セイコーインスツル(株)人事部 採用担当　藤森、大木、鈴木TEL:043-211-1165 E-mail:fresh@sii.co.jp ,採用情報・エントリーはこちらから！ http://www.sii.co.jp/jinji/index.html
311,,,,,,
312,,,,,,
313,重電・産業用電気機器,(株)明電舎,8995名（2018年3月31日現在　連結）,東京都品川区大崎2-1-1 ThinkPark Tower,〒141-6029　東京都品川区大崎2-1-1　ThinkPark　Tower人事企画部　人財開発室　採用推進課　鈴木／輪湖TEL:03-6420-8504,http://www.meidensha.co.jp/saiyou/pages/index.html
314,,,,,,
315,,,,,,
316,紙・パルプ,日本製紙(株),4934名（2018年3月31日現在）,東京都千代田区神田駿河台4-6（御茶ノ水ソラシティ）,日本製紙株式会社採用担当〒101-0062東京都千代田区神田駿河台4-6 御茶ノ水ソラシティTEL：03-6831-4689,【企業HP】https://www.nipponpapergroup.com【採用HP】http://www.nipponpapergroup.com/recruit
317,,,,,,
318,,,,,,
319,建設,西松建設(株),2536名（2018年3月末現在）,東京都港区虎ノ門1-23-1 虎ノ門ヒルズ森タワー10階,〒105-6310東京都港区虎ノ門1-23-1 虎ノ門ヒルズ森タワー10階西松建設株式会社人事部人事課　採用担当　宛TEL:03-3502-7573FAX:03-3502-0219,https://www.nishimatsu.co.jp/recruit/
320,化学,ユニチカ(株),連結：3677名（2018年3月末現在）単体：1141名（2018年3月末現在）,大阪府大阪市中央区久太郎町4-1-3,■大阪本社〒541-8566大阪府大阪市中央区久太郎町4-1-3　大阪センタービル人事総務部　人財グループ　採用担当TEL:06-6281-5624　　FAX:06-6281-5855,http://www.unitika.co.jp/recruit/
321,ガラス・セラミックス,日本電気硝子(株),単体1678人　連結6875人（2018年12月末）,滋賀県大津市晴嵐2-7-1 ,〒520-8639 滋賀県大津市晴嵐2-7-1 　人事部　採用担当　　077-537-1705（採用担当ダイヤルイン ） 　,採用HPhttp://www.saiyo.neg.co.jp 
322,,,,,,
323,アパレル（メーカー）,(株)ワコール,21675名（連結）（2018年3月時点）,京都府京都市南区吉祥院中島町29,(株)ワコール　人事部　採用担当TEL:0120-925-697　（採用情報問い合わせ専用）※お問い合わせは電話でのみ受け付けております。,http://www.wacoal.jp/company/recruit/
324,,,,,,
325,,,,,,
326,,,,,,
327,,,,,,
328,化学,東ソー(株),連結　12595名単独　  3404名（2018年3月末）,東京都港区芝3-8-2　芝公園ファーストビル,〒105-8623東京都港区芝3-8-2TEL:03-5427-5114　人事部／古屋、綱島,http://www.tosoh.co.jp/
329,食品,森永乳業(株),3144名＜男性2556名、女性588名＞（2018年3月31日現在）,東京都港区芝5-33-1,人財部人財課　採用担当　桑野・古川・大嶺TEL:03-3798-2866,https://saiyo.morinagamilk.co.jp/
330,建設,前田建設工業(株),3001名＜単体＞（2018年3月末現在）,東京都千代田区富士見2-10-2,前田建設工業(株) 経営管理本部　人事部 〒102-8151　東京都千代田区富士見2-10-2   採用事務局　tel：03-5215-7801 　　 ,http://www.maeda.co.jp/
331,,,,,,
332,食品,敷島製パン(株)【Pasco】,4104名（2018年8月末）,愛知県名古屋市東区白壁5-3,本社  〒461-8721　愛知県名古屋市東区白壁5-3人事部　採用担当　加納、後藤、酒井、鬼児島,http://www.pasconet.co.jp/
333,,,,,,
334,,,,,,
335,,,,,,
336,銀行（地銀）,(株)足利銀行【めぶきフィナンシャルグループ】,,栃木県宇都宮市桜4-1-25,〒320-8610　栃木県宇都宮市桜4-1-25(株)足利銀行　人事部　採用担当TEL:028-626-0159(直),http://www.ashikagabank.co.jp/
337,,,,,,
339,,,,,,
340,,,,,,
341,,,,,,
342,,,,,,
343,,,,,,
344,,,,,,
345,証券,みずほ証券(株),7554名（2018年3月末、単独）,東京都千代田区大手町1-5-1大手町ファーストスクエア,みずほ証券　採用チーム03-6740-7373（平日9：00～17：00）,https://career.mizuho-sc.com/new_graduate/index.html
346,商社（自動車関連・輸送用機器）,トヨタモビリティ東京(株)(旧　東京トヨタ自動車(株)・東京トヨペット(株)・トヨタ東京カローラ(株)・ネッツトヨタ東京(株)) ,約7500名（2019年４月１日現在）,東京都港区芝浦4-8-3,〒108-8713 東京都港区芝浦4-8-3 TEL:03-6414-5300（人事部 人材開発室　採用担当直通）電話受付時間 9:00～17:45,https://www.toyota-mobi-tokyo.co.jp/recruit
347,損害保険,あいおいニッセイ同和損害保険(株),13287名（2018年3月末現在）,東京都渋谷区恵比寿1-28-1,〒150-8488東京都渋谷区恵比寿1-28-1あいおいニッセイ同和損害保険(株)人事部採用グループ下記問い合わせフォームより送信してください。https://support.portal.e2r.jp/ja/e2r_info/contact/?s=ad2020,https://www.aioinissaydowa-saiyou.com/
348,,,,,,
349,銀行（地銀）,(株)八十二銀行【東証一部上場】,3192名（2018年3月）,長野市大字中御所字岡田178番地8,〒380-8682　長野市岡田178-8(株)八十二銀行 人事部採用担当  西澤・柳澤TEL：026-223-0082,https://www.82bank.co.jp/
350,アパレル（メーカー）,(株)レナウン【東証一部上場】,4345名（連結）　3791名（嘱託3236名）（単体）　（2018年2月28日現在）,東京都江東区有明3-6-11　TFTビル東館6F,◇新卒採用事務局〈東京〉人事部人事課　　　　〒135-8210　東京都江東区有明3-6-11　TFTビル東館6F　　　　TEL:03-4521-8116（直通）〈大阪〉総務部大阪総務課　　　　〒540-0029　大阪府大阪市中央区本町橋1-5、本町橋タワー　　　　TEL:06-7177-3801（直通）,http://www.renown.com
351,スーパーマーケット,(株)マルエツ,社員4300名　パート・アルバイト12100名　計16400名（2018年2月末　頭数換算）,東京都豊島区東池袋5-51-12,〒170-8401東京都豊島区東池袋5-51-12TEL:03-3590-0032人材開発教育部  大橋・吉津・塚本,http://www.maruetsu.co.jp/saiyo/
352,,,,,,
353,,,,,,
354,,,,,,
355,,,,,,
356,建設,飛島建設(株)【東証一部上場】,1341名（2018年4月1日現在）,東京都港区港南1-8-15　Wビル5階,108-0075東京都港区港南1-8-15　Wビル5階人事部採用担当TEL:03-6455-8307（直通）,http://www.tobishima.co.jp/recruit_134/index.html
357,,,,,,
358,,,,,,
359,,,,,,
360,,,,,,
361,,,,,,
362,,,,,,
363,,,,,,
364,,,,,,
365,,,,,,
366,化学,ライオン(株),連結：7075名　個別：2550名（2017年12月31日現在）,東京都墨田区本所1-3-7,(営業・スタッフ職)〒130-8644　東京都墨田区本所1-3-7人事部　採用担当hrsaiyo@lion.co.jp(研究職)〒132-0035　東京都江戸川区平井7-2-1研究開発本部　採用担当rdinfo@lion.co.jp(生産技術職)〒130-8644　東京都墨田区本所1-3-7生産管理部　採用担当seihon@lion.co.jp ,【ライオン(株)　新卒採用HP】https://www.lion.co.jp/ja/company/recruit/graduate/【ライオン(株)HP】http://www.lion.co.jp/ja/
367,,,,,,
368,,,,,,
369,機械,日立建機(株),23925名（連結）  4072名（単独）※2018年3月時点,東京都台東区東上野2-16-1,〒110-0015東京都台東区東上野2-16-1人事部 採用チームTEL:03-5826-8180,https://www.hitachicm.com/global/jp/recruit/newgraduate/
370,,,,,,
371,,,,,,
372,,,,,,
373,証券,三菱UFJモルガン・スタンレー証券(株),5243名（2018年3月31日現在）,東京都千代田区大手町1-9-2　大手町フィナンシャルシティ グランキューブ,三菱UFJモルガン・スタンレー証券採用事務局 TEL:0120-606-577（平日10：00～18：00）本社所在地：〒100-8127 東京都千代田区大手町1-9-2　大手町フィナンシャルシティ　グランキューブ（地下鉄でお越しの場合）東京メトロ 千代田線「大手町駅」C2c出口より直結東京メトロ 丸ノ内線「大手町駅」A1出口より徒歩3分東京メトロ 半蔵門線「大手町駅」E1出口より徒歩5分,
374,百貨店,(株)近鉄百貨店,社員1796名(2018年2月末現在),大阪市阿倍野区阿倍野筋1-1-43,(株)近鉄百貨店〒545-8545大阪市阿倍野区阿倍野筋1-1-43 あべのハルカス36階総務本部　人事部(採用担当) TEL:06-6655-7082,http://www.d-kintetsu.co.jp/corporate/saiyo/index.html
375,,,,,,
376,,,,,,
377,,,,,,
379,,,,,,
380,鉄道,小田急電鉄(株),3726名（2018年8月1日現在）,東京都新宿区西新宿1-8-3,採用に関するお問い合わせ等は、下記連絡先までお願いいたします。お気軽にお問い合わせください。小田急電鉄(株) 人事部　採用・能力開発担当〒160-8309　東京都新宿区西新宿1-8-3TEL:03-3349-2075（受付時間は平日の10:00～17:30）,【小田急電鉄採用HP】https://www.odakyu.jp/recruit/shinsotsu/
381,農業協同組合（JA金融機関含む）,全国農業協同組合連合会（JA全農）,7446名（2018年3月31日現在）,,〒100-6832 東京都千代田区大手町1-3-1 JAビル人事部　採用担当TEL:03-6271-8123,http://zennoh-recruit.jp/
382,,,,,,
383,食品,サッポロビール(株),単体：2079名（男性：1706名、女性373名）（2017年12月現在）,東京都渋谷区恵比寿4-20-1（恵比寿ガーデンプレイス内）,〒150-8522東京都渋谷区恵比寿4-20-1（恵比寿ガーデンプレイス内）サッポロビール(株)TEL：03-5423-2070人事部　採用担当宛,http://www.sapporobeer.jp/recruit/
384,,,,,,
385,,,,,,
386,非鉄金属,日本軽金属(株),1897名［2018年3月31日時点］,東京都品川区東品川2-2-20天王洲オーシャンスクエア,〒140-8628東京都品川区東品川2-2-20　天王洲オーシャンスクエア日本軽金属(株)　人事部採用担当TEL:03-5461-9245FAX:03-5461-9299,http://www.nikkeikin.co.jp/
387,商社（薬品・化粧品）,(株)スズケン【東証一部上場】,連結：15816名（2018年3月）単体：4474名　（2018年3月）,愛知県名古屋市東区東片端町8番地,〒461-8701 愛知県名古屋市東区東片端町8番地　担当：人材開発部　広瀬・樋口・森本・酒井 電話：052-950-6301（直通）,https://www.suzuken.co.jp/
388,機械,ヤンマー(株),単体：3694名（2018年3月期）連結：19642名（2018年3月期）,大阪市北区茶屋町1-32　YANMAR FLYING-Y BUILDING,〒530-8311　大阪市北区茶屋町1-32　YANMAR FLYING-Y BUILDINGヤンマー(株)　人事労政部　採用グループTEL:06-6376-6525（採用直通）,https://www.yanmar.com/jp/
389,,,,,,
390,,,,,,
391,,,,,,
392,食品,日本水産(株)（ニッスイ）,1158名（2018年3月）,東京都港区西新橋1-3-1　西新橋スクエア,ニッスイ採用センター〒169-8799　東京都新宿区大久保3-14-8　新宿北郵便局留TEL:03-6233-2242,http://www.nissui.co.jp/recruit/index.html
393,,,,,,
394,,,,,,
395,化学,三菱ガス化学(株),2290名（2018年3月末、単体）,東京都千代田区丸の内2-5-2　三菱ビル,〒100-8324東京都千代田区丸の内2-5-2　三菱ビル三菱ガス化学(株)総務人事センター人事グループ　採用担当TEL:03-3283-5073FAX:03-3283-5183,http://www.mgc.co.jp/employ/
396,商社（複合）,日通商事(株)【日本通運グループ】,2382名（2018年3月末時点）男性1983名、女性399名,東京都港区海岸1-14-22,〒105-8338東京都港区海岸1-14-22人事部　採用担当TEL:0120-37-2242（固定電話から）TEL:03-6734-8333（携帯電話から）,http://www.nittsushoji.co.jp/kigyou/recruit/index.html
397,繊維,グンゼ(株),連結　6754名（2018年3月期）,大阪市北区梅田2-5-25　ハービスOSAKA　オフィスタワー22階,大阪／〒530-0001大阪市北区梅田2-5-25　ハービスOSAKA　オフィスタワー22階人事総務部　人財開発室TEL:06-6348-1322（人財開発室直通）,http://www.gunze.co.jp/
398,建設,(株)奥村組【東証一部上場】,1967名（2018年3月末現在）,大阪府大阪市阿倍野区松崎町2-2-2,【大阪本社】〒545-8555 大阪市阿倍野区松崎町2-2-2 　　 　　 【TEL】06-6625-1516　　　　　　　 【採用担当】管理本部　人事総務部　人事課中尾 隆一・西出亮輔・成瀬雄介・門倉洋平・杉本怜奈,http://www.okumuragumi.co.jp/
399,,,,,,
400,,,,,,
401,自動車・自動車部品,住友電装(株),6719名(18年6月30日 単独)205512名(18年6月30日 グローバル従業員数),三重県四日市市浜田町5番28号,人材開発部採用グループTEL:0120‐113-140（いい採用）,http://www.sws-saiyou.jp/
402,,,,,,
403,薬品,エーザイ(株),連結：10456名個別：3172名 （2018年3月末現在）,東京都文京区小石川4-6-10,＜連絡先＞ ◆採用問い合わせ窓口 〒112-8088　東京都文京区小石川4-6-10 エーザイ株式会社　人財開発本部　採用担当 採用ダイヤル　050-5433-1196（時間帯／平日10：00～17：00）,エーザイ(株)ホームページhttp://www.eisai.co.jp/エーザイ(株)ホームページ（採用情報サイト）http://www.eisai-recruit.jp/「マイページ」ログインＵＲＬhttps://mypage.1050.i-web.jpn.com/eisai_2020/
404,食品,マルハニチロ(株),1757名,,〒135-8608東京都江東区豊洲3-2-20　豊洲フロントビル部署:人事部人事課TEL:03-6833-0393,http://www.maruha-nichiro.co.jp/saiyo/index.html
405,紙・パルプ,三菱製紙(株),3723名（平成30年3月31日現在）※グループ連結,東京都墨田区両国2-10-14　両国シティコア,〒130-0026　東京都墨田区両国2-10-14　両国シティコア三菱製紙(株)　総務人事部（人事グループ）TEL:03-5600-1483（直通）総務人事部長：白川　文人人事グループリーダー：春日部　靖採用担当：伴　佑貴,http://www.mpm.co.jp/
406,,,,,,
407,,,,,,
409,,,,,,
410,,,,,,
411,,,,,,
412,半導体・電子・電気機器,カシオ計算機(株),単体：2914名／男 2448名・女 466名連結：12006名(2018年9月30日現在),東京都渋谷区本町1-6-2,〒151-8543　東京都渋谷区本町1-6-2カシオ計算機(株)人事部　採用担当TEL:03‐5334‐4841,http://www.casio.co.jp/saiyou/
413,ガス・エネルギー,東邦ガス(株), 2858名（2018年3月末現在）,名古屋市熱田区桜田町19-18,〒456-8511　名古屋市熱田区桜田町19-18人事部人事グループ担当：山本、鈴木,http://www.tohogas.co.jp/compa/saiyo/university/
414,,,,,,
415,,,,,,
416,非鉄金属,(株)フジクラ,58422名（2018年3月／連結）,東京都江東区木場1-5-1,〒135-8512　東京都江東区木場1-5-1　 (株)フジクラ　人事部　採用・キャリア開発グループ （TEL）　03-6705-8976 （E-mail)　saiyou@fujikura-r.com,http://www.fujikura.co.jp/recruit/index.html
417,,,,,,
418,,,,,,
419,,,,,,
420,精密機器,アズビル(株)（azbilグループ）,5043名/連結：9328名 (2018年3月31日現在),東京都千代田区丸の内2-7-3  東京ビル19F,〒100-6419東京都千代田区丸の内2-7-3 東京ビル19F　TEL：03-6810-1026人事部雇用開発グループ　渡邊、青木、横井,https://www.azbil.com/jp/
421,商社（精密・医療機器）,キヤノンマーケティングジャパン(株),5368名（男4464名、女904名） （2018年12月末）,東京都港区港南2-16-6 CANON S TOWER,本社／〒108-8011東京都港区港南2-16-6 CANON S TOWER総務・人事本部　採用課TEL:03-6719-8656（インフォメーションダイヤル）,http://cweb.canon.jp/corporate/
422,,,,,,
424,,,,,,
425,,,,,,
426,,,,,,
427,,,,,,
428,,,,,,
429,,,,,,
430,,,,,,
431,,,,,,
432,,,,,,
433,薬品,中外製薬(株),7432人(2018年12月31日現在),東京都中央区日本橋室町2-1-1,東京都中央区日本橋室町2-1-1人事部　採用事務局TEL:0120-550-288（平日10:00～18:00）,http://www.chugai-pharm.co.jp/
435,,,,,,
436,,,,,,
437,,,,,,
438,その他電気・電子関連,日本無線(株),（連結）5653名,東京都中野区中野4丁目10-1 中野セントラルパークイースト,〒164-8570 東京都中野区中野4－10－1 　　　　　　　　　　中野セントラルパークイースト 日本無線(株)人事部人財育成グループ　採用担当　真田、高橋、萩森■採用担当直通フリーダイヤル　　0120-451-219 　 ,■URL　　https://www.jrc.co.jp
440,海運,日本郵船(株),1710名(陸上職 1118名、海上職 592名)　※2018年3月末現在,東京都千代田区丸の内2-3-2 郵船ビル,本店 〒100-0005東京都千代田区丸の内2-3-2人事グループ,https://www.nyk.com/recruit/
441,,,,,,
442,,,,,,
443,,,,,,
444,,,,,,
445,,,,,,
446,,,,,,
447,化学,信越化学工業(株),単独 2904名（2018年4月末）連結 20155名（2018年4月末）,東京都千代田区大手町2-6-1　朝日生命大手町ビル,東京都千代田区大手町2-6-1　朝日生命大手町ビル13階人事部 採用担当　TEL:03-3246-5041(ダイヤルイン)                         MAIL ：jinji@shinetsu.jp,http://www.shinetsu.co.jp/
448,,,,,,
449,自動車・自動車部品,市光工業(株),2240人（2018年12月末時点）  ,神奈川県伊勢原市板戸80,市光工業(株)259-1192 神奈川県伊勢原市板戸80人事部　採用担当連絡先：080-7763-4943/0463-96-1711,http://ichikoh.com/
450,,,,,,
451,,,,,,
452,,,,,,
453,,,,,,
454,精密機器,京セラドキュメントソリューションズ(株),19750名 (全体　2018年3月末現在),大阪府大阪市中央区玉造1-2-28,＜お問い合わせ＞■大阪本社　人材開発課　〒540-8585　大阪府大阪市中央区玉造1-2-28 担当:寺嶋・川本　TEL:06-6764-3626メールアドレス:recruit@dc.kyocera.com■東京R＆Dセンター　東京総務課　〒158-8610　東京都世田谷区玉川台2丁目14-9担当:小川・木平　TEL:03-3708-3851,【京セラドキュメントソリューションズHP】http://www.kyoceradocumentsolutions.co.jp/【新卒採用情報】http://www.kyoceradocumentsolutions.co.jp/recruit/
455,スーパーマーケット,(株)ベイシア【ベイシアグループ】,1467名他に専任・パート・アルバイト　8938名（※8時間換算）2019年2月末現在,群馬県前橋市亀里町900,〒379-2147群馬県前橋市亀里町900　人事部採用グループ　TEL:027-210-0011　FAX:027-210-0118,https://www.beisia.co.jp/
456,,,,,,
457,,,,,,
458,精密機器,シチズン時計(株)【CITIZEN】,16015名 ※グループ連結(2018年3月31日現在),東京都西東京市田無町6-1-12,〒188-8511 東京都西東京市田無町6-1-12TEL:042-468-4600　 FAX:042-468-4611E-mail:recruiting@citizen.co.jp採用HP:http://watch.citizen.co.jp/recruit/top.htmlシチズン時計(株)人事部 CITIZENリクルーティングセンター担当：四塚（ヨツヅカ）早坂（ハヤサカ）御内（ミウチ）,■シチズン時計採用HPhttp://watch.citizen.co.jp/recruit/top.html■シチズン時計　企業情報HPhttp://watch.citizen.co.jp/index.html■シチズンの信念“Better Starts Now”http://www.betterstartsnow.com/jp/bsn/
459,非鉄金属,三井金属鉱業(株)【三井金属】,単体：1840名連結：12276名(2018年3月末）,東京都品川区大崎1-11-1ゲートシティ大崎ウエストタワー19階,〒141-8584　東京都品川区大崎1-11-1ゲートシティ大崎ウエストタワー19階経営企画本部　人事部　採用育成担当TEL:03-5437-8035,http://www.mitsui-kinzoku.co.jp/jinji/
460,設備工事,日本コムシス(株)（コムシスグループ）,連結　11581名単独　2845名 （2018年3月）,東京都品川区東五反田2-17-1,日本コムシス(株)　採用担当〒141-8647東京都品川区東五反田2-17-1オーバルコート大崎マークウエストTEL: 0120-099-011／03-3448-7059E-Mail : recruit@comsys.co.jp,http://www.comsys.co.jp/recruit/
461,,,,,,
462,化学,(株)カネカ,<単独>   3976名　（2018年3月31日現在）<連結> 10234名　（2018年3月31日現在）,大阪市北区中之島2-3-18（中之島フェスティバルタワー）,【大阪本社】 〒530-8288 大阪市北区中之島2-3-18（中之島フェスティバルタワー） 人事部採用グループ　 フリーダイヤル：0120-226-027,
463,,,,,,
464,,,,,,
465,非鉄金属,住友金属鉱山(株),単独　2451名連結　7074名(2018年3月),東京都港区新橋5-11-3,〒105-8716　東京都港区新橋5-11-3人事部　採用担当TEL:03-3436-7821,http://www.smm.co.jp/r_info/saiyo/
466,,,,,,
467,,,,,,
468,,,,,,
469,,,,,,
470,,,,,,
471,自動車・自動車部品,NOK(株),(単体)4151名　※2019年3月末,東京都港区三田3-13-12　三田ＭＴビル,〒108-0073東京都港区三田3-13-12　三田MTビルNOK(株)人材企画部採用企画課TEL:03-6891-0285,http://www.nok.co.jp/
472,,,,,,
473,,,,,,
474,,,,,,
475,,,,,,
476,薬品,アステラス製薬(株),16495名(2018年9月30日現在、連結ベース),東京都中央区日本橋本町2-5-1,●本社所在地〒103-8411東京都中央区日本橋本町2-5-1アステラス製薬(株)●MR（営業）職　問い合わせ窓口月～金　10:00-18:00TEL:03-6281-5590●開発職、製薬技術研究職、創薬研究職　問い合わせ窓口月～木　8:45-17:45金　　　8:45-16:00TEL:03-3244-0788（開発職）TEL:03-3244-0788（製薬技術研究職）TEL:029-829-6001（創薬研究職）※システム上、マイナビからエントリーされましたら、1～2日後に弊社のマイページ専用のIDとPWを　発行が可能です。※メールが届かない場合は以下の可能性が高いですので、ご自身でご確認ください。・登録されたメールアドレスの相違・携帯電話会社のアドレス登録・受信拒否設定→@e2r.jp、@e-recruit.jpのドメイン解除をお願いします。,http://www.astellas.com/jp/recruit/
477,スーパーマーケット,(株)東急ストア（東急グループ）,6322人（2018年2月末現在）,東京都目黒区上目黒一丁目21番12号　東光ビル,【(株)東急ストア　中目黒本社】〒153-8577　東京都目黒区上目黒1-21-12TEL:03-3714-2462採用担当：蓑口・横田,http://tokyu-store-saiyo.jp/
478,,,,,,
479,,,,,,
480,,,,,,
481,,,,,,
482,,,,,,
484,,,,,,
485,,,,,,
486,,,,,,
487,クレジット・信販,(株)ジャックス【東証一部上場／三菱UFJフィナンシャルグループ】,連結5492名　単体2658名（2018年3月31日時点）,東京都渋谷区恵比寿4-1-18　恵比寿ネオナート,〒150-8932東京都渋谷区恵比寿4-1-18　恵比寿ネオナート人事部　人材開発課TEL：03-5448-1310,http://www.jaccs.co.jp/
488,,,,,,
489,,,,,,
490,,,,,,
491,,,,,,
492,半導体・電子・電気機器,スタンレー電気(株),,東京都目黒区中目黒2-9-13,〒153-8636東京都目黒区中目黒2-9-13本社／人事部採用担当TEL:0120-522-840（受付時間：平日9:00～17:00）,http://www.stanley.co.jp/
493,化学,(株)ダイセル,連結 12309名　単体 2354名（2018年3月31日現在）,大阪府大阪市北区大深町3-1　グランフロント大阪タワーB　,担当：事業支援センター人事グループ 新卒採用担当電話番号（人事グループ代表）：06－7639-7121,http://www.daicel.com/
494,,,,,,
495,銀行（地銀）,(株)南都銀行,2736名（2017年9月末）,,〒630-8677奈良市橋本町16番地(株)南都銀行人事部　採用担当TEL:0742-27-1563,http://www.nantobank.co.jp/
496,,,,,,
497,,,,,,
498,化学,日鉄ケミカル＆マテリアル(株),3200名（2018年9月末日現在／連結）,東京都中央区日本橋1-13-1　日鉄日本橋ビル,〒103-0027東京都中央区日本橋1-13-1　日鉄日本橋ビル人事部（採用担当　永良）TEL：03-3510-0308,https://www.nscm.nipponsteel.com/recruit/
499,,,,,,
500,,,,,,
501,,,,,,
502,,,,,,
503,情報処理,(株)日立ソリューションズ,4765名（単独）、11522名（連結）【2018年3月31日現在】,東京都品川区東品川4-12-7,日立ソリューションズ　採用担当E-MAIL ：hitachi_solutions20@e-recruit.jpTEL　　：03-6281-5658,【企業ホームページ】　http://www.hitachi-solutions.co.jp/【採用ホームページ】　http://www.hitachi-solutions.co.jp/recruit/newgraduates/
504,,,,,,
505,,,,,,
506,銀行（地銀）,(株)十六銀行,3192名（2018年3月末）,岐阜県岐阜市神田町8-26,〒500-8516岐阜県岐阜市神田町8-26経営管理部人事グループTEL:058-266-2501〒103-0023東京都中央区日本橋本町4-1-10東京事務所（東京支店3F）TEL:03-3242-1716〒541-0053大阪府大阪市中央区本町2-3-8大阪支店TEL:06-6264-1600,https://www.juroku.co.jp/
509,銀行（地銀）,(株)北海道銀行（ほくほくフィナンシャルグループ）,2357名（2018年3月末現在） ,,〒060-8676札幌市中央区大通西四丁目1番地北海道銀行　人事部TEL:011-233-1203担当／佐伯,http://www.hokkaidobank.co.jp/
510,食品,ハウス食品(株),従業員数　1573名（単体・2018年3月現在）,大阪府東大阪市御厨栄町1-5-7,〒102-8560　東京都千代田区紀尾井町6-3東京本社人事課　TEL:03-5211-6031,http://www.housefoods-saiyo.net/
511,,,,,,
512,,,,,,
513,,,,,,
514,化学,日本化薬(株)【東証一部上場】,1845名（単体）／5684名（連結）（2018年3月末）,東京都千代田区丸の内二丁目1番1号　明治安田生命ビル（19階、20階）,〒100-0005東京都千代田区丸の内2-1-1明治安田生命ビル　19階、20階日本化薬株式会社人事部　採用教育担当TEL:03-6731-5801,https://www.nipponkayaku.co.jp/
515,,,,,,
516,,,,,,
517,,,,,,
518,自動車・自動車部品,愛三工業(株),連結：10440名　　単独：3391名※臨時従業員含む,愛知県大府市共和町一丁目1番地の1,愛三工業(株)〒474-8588　愛知県大府市共和町1-1-1 TEL:  0120-767-686総務人事部　人事室　採用グループ,http://www.aisan-ind.co.jp/recruit/recruit.htm
519,,,,,,
520,プラント・エンジニアリング,千代田化工建設(株),1495名　単体(2018年3月31日現在),横浜市西区みなとみらい四丁目6番2号,〒220-8765横浜市西区みなとみらい四丁目6番2号千代田化工建設(株)人事部　人財開発セクション　採用担当　TEL:045-225-7738,https://www.chiyodacorp.com/jp/recruit/
521,,,,,,
522,,,,,,
523,,,,,,
524,情報処理,(株)富士通マーケティング,3456名（2018年3月）,東京都港区港南2-15-3　品川インターシティC棟,〒108-6207東京都港区港南2-15-3  品川インターシティC棟(株)富士通マーケティング総務人事本部人事部  採用チームTEL:0120-400-231,http://jp.fujitsu.com/fjm/recruit/
525,,,,,,
526,,,,,,
527,化学,日油(株),連結／3721名（2018年3月31日現在）,東京都渋谷区恵比寿4丁目20番3号　恵比寿ガーデンプレイスタワー,東京都渋谷区恵比寿4-20-3恵比寿ガーデンプレイスタワー〒150-6019人事・総務部人材開発ＧTEL:03-5424-6631(ダイヤルイン),http://www.nof.co.jp/
528,政府系・系統金融機関,農林中央金庫,3608名(2018年3月現在),東京都千代田区有楽町1-13-2,〒100-8420東京都千代田区有楽町1-13-2人事部人材採用班　TEL:03-3279-0111,企業URL　http://www.nochubank.or.jp/採用URL　http://www.nochubank-saiyo.com/index.html
529,,,,,,
530,食品,アサヒビール(株),3225名（2017年12月末日）,東京都墨田区吾妻橋1-23-1,〒130-8602東京都墨田区吾妻橋1-23-1人事部　新卒採用担当,http://www.asahibeer.co.jp/saiyo/
531,,,,,,
532,情報処理,トランスコスモス(株)【東証一部上場】,単体 10609名連結 24875名（国内 11788名、海外 13087名） 2018年3月末現在,東京都渋谷区渋谷3-25-18,■東京本社〒150-8530　東京都渋谷区渋谷3-25-18TEL:03-4363-0198■大阪本部〒550-0001大阪市西区土佐堀2丁目2-4　土佐堀ダイビル16階TEL:06-4803-9580,http://www.trans-cosmos.co.jp/saiyou/
533,,,,,,
534,,,,,,
535,プラント・エンジニアリング,日揮(株),【連結】7610名 (2018年3月31日現在)【単体】2280名 (2018年3月31日現在),横浜市西区みなとみらい2-3-1,〒220-6001横浜市西区みなとみらい2-3-1日揮(株)人財・組織開発部　採用担当TEL:0120-394-314 ,https://www.jgc.com/saiyo/
536,,,,,,
537,食品,森永製菓(株),1303名（2018年3月末） ,東京都港区芝5-33-1,〒108-8403東京都港区芝5-33-1人事部 人事グループ（山崎／岸）,http://www.morinaga.co.jp/recruit/
538,,,,,,
539,,,,,,
540,,,,,,
541,,,,,,
542,商社（複合）,(株)トーハン,1277名（男 859名、女 418名）※2018年3月期,東京都新宿区東五軒町6-24,〒162-8710 東京都新宿区東五軒町6-24TEL:03-3269-5142FAX:03-3269-6374Mail:tojinji@tohan.co.jp(株)トーハン 総務人事部 人事・教育グループ採用担当:近森 優希（ちかもり ゆき）・井上 亮平（いのうえ りょうへい）,http://www.tohan.jp/
543,損害保険,共栄火災海上保険(株),２，６８０人　（２０１８年３月３１日現在）,東京都港区新橋1-18-6,共栄火災海上保険株式会社人事部　人事グループ　採用担当〒105－8604東京都港区新橋1丁目18番6号TEL：03－3504－0133  ,http://www.kyoeikasai.co.jp/
544,,,,,,
545,,,,,,
546,機械,JUKI(株)【東証一部上場】,連結：5891名、単体：878名（2018年12月期）,東京都多摩市鶴牧2-11-1,〒206-8551　東京都多摩市鶴牧2-11-1人事部 人材マネジメントグループ　大柏 、西脇TEL:042-357-2434,https://www.juki.co.jp/recruit/
547,情報処理,(株)大塚商会【東証一部上場】,7145名（2018年12月末）,東京都千代田区飯田橋2-18-4 ,（株）大塚商会　新卒採用事務局　 〒101-0064 東京都千代田区神田猿楽町2-8-8住友不動産猿楽町ビル13F TEL：03-6361-2120　（平日9：00～17：30） ※お問い合わせの受付は、上記新卒採用事務局で行っております。 ,
548,,,,,,
549,海運,(株)商船三井,975名（社外出向者等を除く）（陸上633名・海上312名）（2018年3月期）,東京都港区虎ノ門2-1-1,人事部　採用・育成チームTEL:03-3587-7238,http://www.mol.co.jp/saiyoutop/index.html
550,,,,,,
551,,,,,,
552,,,,,,
553,,,,,,
554,化学,関西ペイント(株),1863名（男性1677名、女性186名）　連結15731名（2018年3月末現在）,大阪府大阪市中央区今橋2-6-14,〒541-8523 大阪府大阪市中央区今橋2-6-14TEL：06-7178-8655関西ペイント(株)　人事企画室（人財開発担当）,http://www.kansai.co.jp/
555,,,,,,
556,受託開発,(株)メイテック【東証一部上場】（営業職採用）,●メイテック単体／7219名（2018年3月31日現在）,東京都台東区上野1丁目1-10 オリックス上野1丁目ビル,メイテック 新卒リクルートセンター〒110-0005 東京都台東区上野1丁目1-10 オリックス上野1丁目ビルフリーダイヤル： 0120-935-654　　　　　　　　（平日 10：00～18：00） ※土日祝祭日を除く,企業ホームページhttp://www.meitec.co.jp/採用ホームページhttp://recruit.meitec.co.jp/mt/graduate/
557,,,,,,
558,,,,,,
559,,,,,,
560,外食・レストラン,日本マクドナルド(株),2199名（2018年12月31日現在）,東京都新宿区西新宿6-5-1 新宿アイランドタワー,〒163-1339 日本マクドナルド本社（東京都新宿区西新宿6-5-1　新宿アイランドタワー） 人事本部　採用担当,
561,,,,,,
562,,,,,,
563,建設,(株)NIPPO【JXTGグループ】,1591名(2018年3月31日現在)男性：1497名女性：     94名,東京都中央区京橋1-19-11,※学校所在地別にお問い合わせ先を用意しております。■北海道地区〒062-0921北海道札幌市豊平区中の島1条2－2－15 NIPPO札幌ビル3F北海道支店管理部管理グループ 稲辺(いなべ)TEL:011-842-8855■東北地区(青森・岩手・秋田・宮城・山形・福島 )〒980-0801宮城県仙台市青葉区木町通1-5-1東北支店管理部管理グループ 大塚(おおつか)TEL:022-262-1511■北信越地区(新潟・富山・石川・長野)〒950-0916新潟県新潟市中央区米山5-11-21北信越支店管理部管理グループ　永井(ながい)TEL:025-244-9188■関東地区(東京・埼玉・千葉・神奈川・栃木・群馬・茨城・山梨)〒104-8380東京都中央区京橋1-19-11本社人事部人事第1グループ 中川(なかがわ)・鈴木(すずき)TEL:03-3563-6742■中部地区(岐阜・静岡・愛知・三重)〒460-8707 愛知県名古屋市中区錦1-19-24名古屋第一ビル中部支店管理部管理グループ 佐々木(ささき)TEL:052-211-6571■関西地区(大阪・京都・福井・滋賀・奈良・和歌山・兵庫)〒540-0036大阪府大阪市中央区船越町2-4-12関西支店管理部管理グループ 頼(らい)TEL:06-6942-6121■四国地区〒761-8063香川県高松市花ノ宮町1-7-17四国支店管理グループ 西田(にしだ)TEL:087-862-1155■中国地区(広島・岡山・鳥取・島根・山口)〒732-0824広島県広島市南区的場町1-2-19中国支店管理部管理グループ 菅(すが)TEL:082-568-6060■九州地区（福岡・佐賀・長崎・熊本・大分・宮崎・鹿児島・沖縄）〒810-0074福岡県福岡市中央区大手門2-1-34九州支店管理部管理グループ 木村(きむら)TEL:092-771-0261,http://www.nippo-c.co.jp/
564,陸運（貨物・バス・タクシー）,帝都自動車交通(株)【京成グループ】,2095名,東京都中央区日本橋1-21-5,帝都自動車交通(株)〒103-0027 東京都中央区日本橋1-21-5 総務人事部　総務人事課　 ●TEL：03-6262-3087,http://www.teito-mot.com/
565,,,,,,
566,,,,,,
567,,,,,,
568,,,,,,
569,,,,,,
570,,,,,,
571,,,,,,
572,,,,,,
573,ホテル・旅館,藤田観光(株),1515名（2018年12月31日現在）,東京都文京区関口2-10-8,〒112-8664東京都文京区関口2-10-8藤田観光(株)　採用担当TEL:03-5981-7720,https://www.fujita-kanko.co.jp/rec/recruit/index.html
574,半導体・電子・電気機器,(株)村田製作所,連結/75562名 (2018年3月31日現在)個別/8377名 (2018年3月31日現在),京都府長岡京市東神足1-10-1,【総合職・一般職（本社地区）】　(株)村田製作所　人事部採用課　新卒採用担当　電話：075-955-6522【一般職・技術職（滋賀地区）】　(株)村田製作所　野洲事業所　管理部事務課採用担当　電話：077-586-8182【一般職（東京地区）】　(株)村田製作所　東京支社管理部事務課　新卒採用担当　電話：0120-226-103,http://www.murata.co.jp/recruit/freshers/
575,,,,,,
576,,,,,,
577,,,,,,
578,食品,(株)ヤクルト本社,2848名（2018年3月） ,東京都港区東新橋1-1-19,E-mail:pers-dep6@yakult.co.jp,http://www.yakult.co.jp/saiyou/newgraduate/
579,,,,,,
580,,,,,,
581,,,,,,
582,,,,,,
583,化学,JSR(株),連結7203名　単体 2546名　2018.3.31 現在,東京都港区東新橋1-9-2　汐留住友ビル,〒105-8640東京都港区東新橋1-9-2　汐留住友ビルTEL：03-6218-3522人材開発部 採用担当,http://www.jsr.co.jp/
584,,,,,,
585,石油,JXTGエネルギー(株),9137人（2018年4月1日現在）,東京都千代田区大手町一丁目1番2号,〒100-8162東京都千代田区大手町一丁目１番２号JXTGエネルギー(株)人事部人事グループ　採用担当TEL　：　0120-00-2629（平日9：00～18：00）,https://www.noe.jxtg-group.co.jp/recruit2020/
586,商社（複合）,日本出版販売(株)【日販】,2945人　※2018年3月31日現在,東京都千代田区神田駿河台4丁目3番地,〒101-8710東京都千代田区神田駿河台4丁目3番地TEL:03-3233-4837（採用担当直通）,日本出版販売　採用HP　https://www.nippan.co.jp/recruit/2020/■採用HP「エントリー」よりご自身のマイページを開設してください。
587,,,,,,
588,銀行（地銀）,(株)名古屋銀行,1906名（2018年3月末）,名古屋市中区錦3-19-17,〒460-0003　名古屋市中区錦3-19-17人材開発部人事グループフリーダイヤル:0120-201-758（平日9：00～17：00）・052-962-1546,https://www.meigin.com/
589,,,,,,
590,,,,,,
591,,,,,,
592,商社（複合）,兼松(株),連結： 6666名単体： 842名（2018年3月31日現在）,東京都港区芝浦1-2-1　シーバンスN館,東京本社／東京都港区芝浦1-2-1　シーバンスN館人事総務部人材開発課　TEL:03-5440-9967,https://www.kanenavi.jp/
593,,,,,,
594,,,,,,
595,,,,,,
596,銀行（地銀）,(株)紀陽銀行,2351名（2018年9月末現在）,和歌山県和歌山市本町1丁目35番地,(株)紀陽銀行  人事部　採用担当（本店内）〒640-8656　和歌山市本町1丁目35番地TEL:073-426-7136（ダイヤルイン）--------------------------------------------------------◆企業セミナー・採用選考などの会場について※企業セミナーおよび採用選考については、以下の会場にて開催を予定しております。【紀陽大阪ビル】〒530-0003大阪府大阪市北区堂島2-1-43地下鉄四ツ橋線「西梅田」駅南改札口より徒歩10分（堂島地下街直結）京阪中之島線「渡辺橋」駅5番出口より徒歩10分【紀陽堺ビル】〒590-0952大阪府堺市堺区市之町東1-1-10阪堺電車「大小路」駅下車すぐ南海本線「堺」駅より徒歩10分南海高野線「堺東」駅より徒歩20分【紀陽東和歌山ビル】〒640-8342和歌山市友田町4-123JR阪和線「和歌山」駅より徒歩3分,http://kiyobank-recruit.jp/
597,,,,,,
598,重電・産業用電気機器,(株)GSユアサ,2909名 （※2018年3月末、事業会社含む）14585名（※2018年3月末、関係会社含む）,京都市南区吉祥院西ノ庄猪之馬場町1番地 ,〒601-8520 京都市南区吉祥院西ノ庄猪之馬場町1番地 人事部　採用事務局 TEL:075-316-3009 FAX:075-316-3010 ～どうぞお気軽にご連絡ください～,http://www.gs-yuasa.com/jp/
600,薬品,MSD(株),約3500名（2018年4月1日現在）,東京都千代田区九段北1-13-12　北の丸スクエア,MSD(株) 　〒102-8667 　東京都千代田区九段北1-13-12　北の丸スクエア 　人事部門　採用グループ　新卒採用チーム　 ,MSD(株)　ホームページhttp://www.msd.co.jp/MSD(株)　採用情報ページhttp://www.msd.co.jp/careers/
601,繊維,シキボウ(株)【東証一部上場】,527名（2018年3月）,大阪府大阪市中央区備後町3-2-6,〒541-8516大阪府大阪市中央区備後町3-2-6総務部人材開発課　道盛TEL:06-6268-5665,http://www.shikibo.co.jp/
602,,,,,,
603,,,,,,
604,,,,,,
605,,,,,,
606,,,,,,
607,,,,,,
608,銀行（地銀）,(株)肥後銀行【九州フィナンシャルグループ】 ,2277名(2018年3月現在),熊本県熊本市中央区練兵町一番地,■熊本〒860-8615　熊本県熊本市中央区練兵町1番地TEL：096-326-8628(直)人事部　担当／隈部・長尾,http://www.higobank.co.jp/
609,,,,,,
610,,,,,,
611,銀行（地銀）,(株)大垣共立銀行,2895名（出向者含まず）（2018年3月）,,人事部人事企画課〒503-0887　岐阜県大垣市郭町3-98TEL:0584-74-2522,http://www.okb.co.jp/
612,,,,,,
613,,,,,,
614,ガラス・セラミックス,セントラル硝子(株),連結：7236人単体：1662人,東京都千代田区神田錦町3-7-1 興和一橋ビル,〒101-0054東京都千代田区神田錦町3-7-1 興和一橋ビル新卒採用担当TEL:0120-25-9077,http://www.cgco.co.jp/recruit/
615,,,,,,
616,,,,,,
617,,,,,,
618,,,,,,
619,化学,(株)クレハ,4374名（連結）1835名（単体）（2018年3月31日）,東京都中央区日本橋浜町3-3-2,〒103-8552東京都中央区日本橋浜町3－3－2人事部　採用担当TEL　03-3249-4661,http://www.kureha.co.jp/
620,,,,,,
621,設備工事,日本電設工業(株)【JR東日本グループ】【東証一部上場】,2344名(2018年3月31日現在),東京都台東区池之端1丁目2番23号 NDK第二池之端ビル,■日本電設工業株　人材開発部　企画課　採用担当〒110-8706東京都台東区池之端一丁目2番23号 NDK第二池之端ビルTEL:03-3822-8850,http://www.densetsuko.co.jp/
622,,,,,,
623,,,,,,
624,銀行（地銀）,(株)愛知銀行,1663名(2018年9月現在),名古屋市中区栄3-14-12,〒460-8678　名古屋市中区栄3-14-12経営管理部人事グループフリーダイヤル：0120-314-376　　　　　　　　 (サイヨーミノル）,http://www.aichibank.co.jp/
625,,,,,,
626,自動車・自動車部品,鬼怒川ゴム工業(株),4559名〔2018年3月末現在〕,千葉県千葉市稲毛区長沼町330番地,〒263-0005千葉県千葉市稲毛区長沼町330番地鬼怒川ゴム工業(株)管理部　総務・人事課新卒採用担当　小西TEL：043-259-3111E-Mail：say@kinugawa-rubber.co.jp,http://www.kinugawa-rubber.co.jp/ 
627,タイヤ・ゴム製品,住友理工(株),連結：　25698名単体：　2948名,愛知県小牧市東3丁目1番地,〒450-6316 愛知県名古屋市中村区名駅1-1-1　JPタワー名古屋16階 人事部人事課　採用G　岩田　拓也TEL:052-571-0237 ,http://www.sumitomoriko.co.jp/
628,,,,,,
629,,,,,,
630,,,,,,
631,,,,,,
632,,,,,,
633,住宅,パナソニック ホームズ(株)【旧社名：パナホーム(株)】,6323名（2018年3月31日現在　連結）,大阪府豊中市新千里西町1-1-4,パナソニック ホームズ(株)人事総務部　採用・研修課〇本社　〒560-8543大阪府豊中市新千里西町1-1-4　　【学生専用ダイヤル】　080-4337-9431,https://homes.panasonic.com/company/saiyou/new/
634,消費者金融,SMBCコンシューマーファイナンス(株)【SMBCグループ】,2211名（男性1241名、女性970名）（2018年3月末現在）,東京都中央区銀座4-12-15,〒104-0061東京都中央区銀座四丁目12-15人事部 人財開発室 採用担当　フリーコール：0120-007-227,http://smbc-cf.saiyo.jp/
635,タイヤ・ゴム製品,三ツ星ベルト(株)【東証一部上場】,連結：4263名　単体711名　（2018年3月31日現在）,兵庫県神戸市長田区浜添通4町目1番21号,〒653-0024兵庫県神戸市長田区浜添通4丁目1番21号078-685-5732　(人事部採用担当直通),http://www.mitsuboshi.co.jp/japan/
636,,,,,,
637,,,,,,
638,,,,,,
639,,,,,,
640,,,,,,
641,,,,,,
642,,,,,,
643,,,,,,
644,,,,,,
645,,,,,,
646,,,,,,
647,,,,,,
648,,,,,,
650,,,,,,
651,,,,,,
652,,,,,,
653,,,,,,
654,,,,,,
655,シンクタンク・マーケティング・調査,(株)帝国データバンク,3250名（取材部門として1700名）,東京都港区南青山2-5-20,〒107-8680　東京都港区南青山2-5-20人事部人材開発課　新卒採用担当　TEL:03-5775-3192（直）,http://www.tdb.co.jp/recruit/
656,,,,,,
657,,,,,,
658,,,,,,
659,,,,,,
660,,,,,,
661,,,,,,
662,,,,,,
663,,,,,,
664,,,,,,
665,,,,,,
666,,,,,,
667,,,,,,
668,,,,,,
669,,,,,,
670,文具・事務機器関連,コクヨ(株),連結　6699名、単体　2014名（2017年12月末現在）,大阪市東成区大今里南6-1-1,〒108-8459東京都港区港南1丁目2番70号品川シーズンテラス18階部署：コクヨ(株)　採用チーム TEL:0120-025-594（採用専用ダイヤル）　受付時間／9:00～17:30（土日祝除く） ,会社ホームページ：http://www.kokuyo.co.jp/ 採用ホームページ：http://www.kokuyo.co.jp/com/recruit/shinsotsu/
671,,,,,,
672,商社（自動車関連・輸送用機器）,名古屋トヨペット(株),2052名（2018年3月現在） 男性1864名／女性188名,名古屋市熱田区尾頭町2番22号,〒456-8555 名古屋市熱田区尾頭町2番22号 名古屋トヨペット(株)人事部:浅野、清水TEL:052-683-2046 ,http://www.ntp.co.jp/job/
673,百貨店,(株)小田急百貨店,1428名,東京都新宿区西新宿1-1-3,〒160-8001新宿区西新宿1-1-3人事部　教育・採用担当03-3344-3704,
674,,,,,,
675,,,,,,
676,,,,,,
677,,,,,,
678,信用金庫・労働金庫・信用組合,京都中央信用金庫,,,京都市下京区四条通室町東入函谷鉾町91番地人事部 人事課　電　　　話　：075-223-8294フリーダイヤル：0120-223-160　受　　　付　：平日9:00～17:00（年末年始：12/31～1/3を除く）,https://www.chushin.co.jp/recruit/
679,,,,,,
680,自動車・自動車部品,フタバ産業(株),連結：9969名単独：3312名（2018年3月期）,愛知県岡崎市橋目町字御茶屋1,〒444-8558 愛知県岡崎市橋目町字御茶屋1 人事部人材開発課 新卒採用担当TEL:0564-31-2212,http://www.futabasangyo.com/
681,,,,,,
682,,,,,,
683,,,,,,
684,,,,,,
685,,,,,,
686,印刷・印刷関連,共同印刷(株),2953人（2018年3月/連結)1897人（2018年3月/単体）,東京都文京区小石川4-14-12,〒112-8501東京都文京区小石川4-14-12人事部 人材開発課　新卒採用グループTEL:03-3817-2072,◆当社HP　http://www.kyodoprinting.co.jp/◆採用HP　http://www.kyodoprinting.co.jp/recruit/index.html◆採用Facebook　https://www.facebook.com/kyodoprinting.saiyo
687,,,,,,
688,薬品,大日本住友製薬(株),3176名 (連結：6210名) (2018年9月30日現在),大阪市中央区道修町2-6-8,〒541-0045　大阪市中央区道修町2-6-8大阪本社　人事部　採用担当TEL:06-6203-5998E-mail:recruit@ds-pharma.co.jp〒104-8356　東京都中央区京橋1-13-1東京本社　営業人材開発部　採用担当TEL:03-5159-2893E-mail:recruit@ds-pharma.co.jp,【採用情報】　　　　　　http://www.recruit.ds-pharma.co.jp/【コーポレートサイト】　http://www.ds-pharma.co.jp/
689,,,,,,
691,,,,,,
692,,,,,,
693,,,,,,
694,,,,,,
695,,,,,,
696,消費者金融,アコム(株)【三菱UFJフィナンシャル・グループ】,,東京都千代田区丸の内2-1-1 明治安田生命ビル,〒100-8307東京都千代田区丸の内2-1-1 明治安田生命ビルアコム(株)人事部採用担当　萩生田（ハギウダ）採用ダイヤル：0120-308-314（平日9:00～18:00）,http://www.acom.co.jp/recruit/graduates/index.html
697,,,,,,
698,,,,,,
699,,,,,,
700,,,,,,
701,,,,,,
702,,,,,,
703,,,,,,
704,,,,,,
705,,,,,,
706,,,,,,
707,,,,,,
708,,,,,,
709,,,,,,
710,,,,,,
711,輸送用機器,(株)総合車両製作所（JR東日本グループ）,1260名（2019年1月31日現在）,神奈川県横浜市金沢区大川3番1号,(株)総合車両製作所総務部 新卒採用担当〒236-0043神奈川県横浜市金沢区大川3番1号TEL:045-701-6642FAX:045-783-3630,【会社HP】　http://www.j-trec.co.jp/【採用HP】　https://www.j-trec.co.jp/src_saiyou/
712,,,,,,
713,,,,,,
714,化学,日本曹達(株),1330名（2018年9月）,東京都千代田区大手町2-2-1　新大手町ビル,〒100-8165東京都千代田区大手町2-2-1　新大手町ビル総務・人事室　人事グループ管理系基幹職採用担当　または専門系基幹職採用担当TEL:03-3245-6060,http://www.nippon-soda.co.jp/recruitment/saiyo/index.html
715,,,,,,
716,,,,,,
717,,,,,,
718,,,,,,
719,,,,,,
720,,,,,,
721,,,,,,
722,,,,,,
723,,,,,,
724,,,,,,
725,,,,,,
726,,,,,,
727,建設,日本国土開発(株),1002名（2018年5月現在）,東京都港区赤坂四丁目9番9号,日本国土開発株式会社管理本部　総務部　人事グループ採用担当：高松、熊倉、川合〒107-8466東京都港区赤坂4-9-9　 MKビルTEL：03-5410-5710(総務部直通)FAX：03-3403-9039,【会社HP】http://www.n-kokudo.co.jp/【採用HP】http://www.n-kokudo.co.jp/saiyo/
728,医療用機器・医療関連,テルモ(株),4943名（テルモグループ 24508名: 2018年9月末現在）,東京都渋谷区幡ヶ谷2-44-1,■企画営業職志望の方 　東京オフィス　　〒163-1450 東京都新宿区西新宿3-20-2　東京オペラシティタワー49Ｆ　　（電話）0120-04-3751（携帯電話からも繋がります）　　人材開発室　採用担当■開発技術職志望の方　研究開発センター　　〒259-0151 神奈川県足柄上郡中井町井ノ口1500　　（電話） 0120-04-4148（携帯電話からも繋がります）　　研究開発推進部　採用担当,http://www.terumo.co.jp/
729,,,,,,
730,,,,,,
731,,,,,,
732,プラント・エンジニアリング,東レエンジニアリング(株),857名（東レエンジニアリンググループ全体　2392名） 男子（759名）女子（98名）,東京都中央区八重洲1丁目3番22号　八重洲龍名館ビル6F,〒520-0842 滋賀県大津市園山1-1-1 人事課　採用担当　若松 TEL　077-533-7201（直通） ,http://www.toray-eng-recruit.jp/http://www.toray-eng.co.jp/
734,,,,,,
735,,,,,,
736,,,,,,
737,,,,,,
738,,,,,,
739,,,,,,
740,,,,,,
741,,,,,,
742,,,,,,
743,金属製品,リンナイ(株),[連結]10512名、[単体] 3642名（2017年3月31日現在）,愛知県名古屋市中川区福住町2-26,リンナイ(株)　人事部　人事企画チーム　　<住所>　〒454-0802　名古屋市中川区福住町2-26<電話>　0120-071-215（採用専用フリーダイヤル）,http://www.rinnai.co.jp/
744,,,,,,
745,,,,,,
746,情報処理,NECネッツエスアイ(株)【東証一部上場】,7657名（2018年3月期：連結） 5009名（2018年3月期：単独）,東京都文京区後楽2-6-1　飯田橋ファーストタワー,〒112-8560東京都文京区後楽2-6-1 飯田橋ファーストタワーNECネッツエスアイ(株)人事部　採用グループフリーダイヤル:0120-45-2300（直通）　　　　　　（受付 平日8：30～17：15）,https://www.nesic.co.jp/recruit/newgrads/
747,,,,,,
748,,,,,,
749,,,,,,
750,,,,,,
751,銀行（都銀）,(株)あおぞら銀行,1787名（2018年3月末、単体）,東京都千代田区麹町6-1-1,〒102-8660　東京都千代田区麹町6-1-1人事部採用グループTEL:03-6752-1238,http://www.aozorabank.co.jp/recruit/graduate/
752,スーパーマーケット,サミット(株)【住友商事グループ】,2243名(2019年3月末日現在、正社員のみ）,東京都杉並区永福3-57-14,〒168-8686東京都杉並区永福3-57-14　人事部／茂木・國歳・仁ノ平TEL:03-3318-5005（直通）,http://www.summitstore.co.jp/
753,,,,,,
754,,,,,,
755,,,,,,
756,ガラス・セラミックス,東洋ガラス(株),875名（2018年3月末現在）,東京都品川区東五反田2-18-1大崎フォレストビルディング,〒141-0022東京都品川区東五反田2-18-1　大崎フォレストビルディング採用担当 　佐々木・羽賀・鳥屋尾・伊藤TEL:03-4514-2060,https://www.toyo-glass.co.jp/
757,陸運（貨物・バス・タクシー）,奈良交通(株),1533名（2018年3月）,奈良県奈良市大宮町1丁目1番25号,〒630-8651 奈良県奈良市大宮町1丁目1番25号総務人事部 担当／森脇・川畑TEL:0742-20-3119,http://www.narakotsu.co.jp/
758,,,,,,
759,,,,,,
760,,,,,,
761,,,,,,
762,,,,,,
763,,,,,,
764,,,,,,
765,信用金庫・労働金庫・信用組合,岐阜信用金庫,,岐阜県岐阜市神田町6丁目11番地,〒500-8562　岐阜県岐阜市神田町6丁目11番地人事部 能力開発課TEL：058-266-2200（直通）,http://www.gifushin.com/
766,インテリア・住宅関連,タカラスタンダード(株),6121名（2018年3月）,大阪府大阪市城東区鴫野東1-2-1,■人事部（本社）〒536-8536　大阪府大阪市城東区鴫野東1-2-1TEL:06-6962-1501(直)■人事部（東京）〒160-0023　東京都新宿区西新宿6-14-1　新宿グリーンタワービル15FTEL:03-5909-5661(直),■タカラスタンダード採用HPはこちら↓↓http://www.takara-standard.co.jp/recruit/
767,銀行（地銀）,(株)大分銀行,1661名,大分県大分市府内町3-4-1,〒870-0021大分県大分市府内町3-4-1人財開発部TEL：097-534-1111(代),http://www.oitabank.co.jp/
768,,,,,,
769,銀行（地銀）,(株)中京銀行,1241名（2018年9月末）,愛知県名古屋市中区栄三丁目33番13号,〒460-8681愛知県名古屋市中区栄三丁目33番13号人事部　採用担当　橋本TEL:052-249-1609（ダイヤルイン）フリーダイヤル:0120-250357,http://www.chukyo-bank.co.jp/
770,,,,,,
771,精密機器,東京計器(株) 【東証一部上場】,1292名　(2018年4月現在),東京都大田区南蒲田2-16-46,〒144-8551　東京都大田区南蒲田2-16-46人事部　採用担当TEL：03-3732-7671E-mail：saiyou-hr@tokyo-keiki.co.jpURL：https://www.tokyokeiki.jp/,
772,レジャーサービス,(株)オリエンタルランド,社員3317名　準社員19006名（2018年4月1日現在）,千葉県浦安市舞浜1-1,〒279-8580千葉県浦安市美浜1-8-1　OLC新浦安ビル(株)オリエンタルランド人事部　新卒採用担当宛,採用HPhttp://www.olc.co.jp/recruit/
773,,,,,,
774,,,,,,
775,銀行（地銀）,(株)北洋銀行,3025名(2018年9月30日現在),札幌市中央区大通西3丁目7番地,〒060-8661札幌市中央区大通西3丁目7番地　(株)北洋銀行 人事部 採用担当　　TEL:011-261-1311(代表)　　※受付時間は平日9時00分～17時00分です,https://www.hokuyobank.co.jp/
776,セキュリティ,セントラル警備保障(株)【東証一部上場】,3511名（2017年2月現在）,東京都新宿区西新宿2-4-1　新宿NSビル,〒163－0831東京都新宿区西新宿2-4-1新宿NSビル12Fセントラル警備保障(株)人事部募集担当TEL:03-3344-8748FAX:03-3342-4692,http://www.we-are-csp.co.jp/
777,,,,,,
778,銀行（地銀）,(株)武蔵野銀行,2224名（2018年3月31日現在）,さいたま市大宮区桜木町1-10-8（建替中）（仮移転先：さいたま市大宮区桜木町4-333-13  OLSビル）,武蔵野銀行　人事部キャリア開発室　　小番（こつがい）〒330-0854　埼玉県さいたま市大宮区桜木町4-333-13　OLSビル連絡先:048-649-0875（人事部直通）平日9:00～17:00,http://www.musashinobank.net/recruit/
779,,,,,,
780,,,,,,
781,,,,,,
782,建材・エクステリア,大建工業(株),（連結）3073名（2018年3月末現在）,大阪市北区中之島3-2-4　中之島フェスティバルタワー・ウエスト14F,<東京> 〒101-8950 東京都千代田区外神田3丁目12番8号　住友不動産秋葉原ビル TEL:03-6271-7825　　総務人事部　採用担当 ・交通手段 JR山手線・京浜東北線・総武線　　「秋葉原」駅より徒歩5分 東京メトロ日比谷線 「秋葉原」駅より徒歩7分 東京メトロ銀座線　　「末広町」駅より徒歩5分 <大阪> 〒530-8210 大阪市北区中之島3-2-4　中之島フェスティバルタワー・ウエスト14F TEL:06-6205-7525　　総務人事部　採用担当 ・交通手段 地下鉄四つ橋線「肥後橋」駅、京阪中之島線「渡辺橋」駅と直結 JR「大阪」駅（桜橋口） 徒歩15分 JR東西線「北新地」駅 徒歩8分 地下鉄御堂筋線「淀屋橋」駅 徒歩8分 ,
783,建設,東亜建設工業(株),＜連結（単体）＞ 1737名（1459名）※2019年3月,東京都新宿区西新宿3-7-1　新宿パークタワー31階,東亜建設工業(株)人事部　採用担当 〒163-1031　東京都新宿区西新宿3-7-1 　 新宿パークタワー31階 TEL:03-6757-3804(直通) ,http://www.recruit.toa-const.co.jp/
784,,,,,,
785,銀行（地銀）,(株)東和銀行,1518名（2018年3月）,,〒371-8560　群馬県前橋市本町2-12-6人事総務部　採用担当／田鍋TEL:027-230-1719,http://www.towabank.co.jp/
786,,,,,,
787,,,,,,
788,,,,,,
789,,,,,,
790,,,,,,
791,,,,,,
792,,,,,,
793,,,,,,
794,,,,,,
795,銀行（地銀）,(株)京葉銀行,,千葉県千葉市中央区富士見1-11-11,〒260-0026千葉県千葉市中央区千葉港5-45人事部　採用担当 TEL：043-306-8181（直）,http://www.keiyobank.co.jp/
796,非鉄金属,リョービ(株),【リョービグループ】7708名【リョービ】1669名（2018年3月31日現在）,広島県府中市目崎町762,〒726-8628広島県府中市目崎町762人事・総務部　人材開発課　嶋田、井内、小野TEL：0847-41-1171,http://www.ryobi-group.co.jp/
797,,,,,,
798,,,,,,
799,,,,,,
800,,,,,,
801,非鉄金属,三菱マテリアル(株),連結 26959名（2018年3月末現在）単体　4664名（2018年3月末現在）,東京都千代田区丸の内3-2-3丸の内二重橋ビル22F,〒100-8117　東京都千代田区丸の内3-10丸の内二重橋ビル22F三菱マテリアル株式会社人事部　採用グループＴＥＬ ： 0120-163-012ＵＲＬ ： https://www.mmc.co.jp/recruit/index.html,https://www.mmc.co.jp/recruit/index.html
802,,,,,,
803,,,,,,
804,,,,,,
805,,,,,,
806,,,,,,
807,,,,,,
808,,,,,,
809,,,,,,
810,,,,,,
811,,,,,,
812,,,,,,
813,,,,,,
814,,,,,,
815,,,,,,
816,,,,,,
817,,,,,,
818,スーパーマーケット,富士シティオ(株)(Fuji /デリド),5326名　うち正社員759名（2018年12月現在）,神奈川県横浜市中区日本大通17　JPR横浜日本大通ビル7階,富士シティオ(株)人事部 人材開発課 TEL:045-641-1111,http://www.fujicitio.com/
819,,,,,,
820,,,,,,
821,,,,,,
822,,,,,,
823,,,,,,
824,,,,,,
825,,,,,,
826,,,,,,
827,,,,,,
828,,,,,,
829,,,,,,
830,ガラス・セラミックス,クアーズテック(株)【旧社名：コバレントマテリアル(株)】,単独：965名(2017年12月末現在)連結：1441名(2017年12月末現在),東京都品川区大崎2-11-1　大崎ウィズタワー10階 ,〒141-0032　東京都品川区大崎2-11-1　　　　　　　大崎ウィズタワー10階　採用担当　青木、土岐、高野TEL:03-5437-8403,http://www.coorstek.co.jp/
831,,,,,,
832,,,,,,
833,薬品,ファイザー(株),4861名,東京都渋谷区代々木3丁目22番7号　新宿文化クイントビル,ファイザー 新卒担当TEL：03-6863-5227    (受付時間:平日10:00～18:00）メール：pfizer_saiyo@s-hr.jp,http://www.pfizer.co.jp/
834,半導体・電子・電気機器,ローム(株),連結23318人(2018年3月31日現在),京都市右京区西院溝崎町21,■ローム(株)●京都本社 〒615-8585 京都市右京区西院溝崎町21人財開発部 人財開発課　採用グループ●フリーダイヤル0120-606-314,https://www.rohm.co.jp/
835,,,,,,
836,,,,,,
837,商社（自動車関連・輸送用機器）,横浜トヨペット(株),1904名＜2018年4月現在＞,横浜市中区山下町33,〒231-8530 神奈川県横浜市中区山下町33 人事部　人財開発室　採用グループ　 担当：浅野・慶森TEL :  045-662-5498（直通）　045-224-8828（人事部代表）   URL : http://www.yokohama-toyopet.co.jp/ E-mail : recruit@yokohama-toyopet.co.jp ,https://site.yokohama-toyopet.co.jp/recruit/
838,,,,,,
839,,,,,,
840,,,,,,
841,,,,,,
842,,,,,,
843,食品,(株)ロッテ,2259名6413名（海外拠点・グループ会社含む）＊2018年3月31日現在,東京都新宿区西新宿3-20-1,〒160-0023　東京都新宿区西新宿3-20-1(株)ロッテ担当：人事本部 採用課TEL：03-6672-3188（採用専用ダイヤル）　　＜平日9～17時＞,http://www.lotte.co.jp/recruit/
844,,,,,,
845,,,,,,
846,,,,,,
847,,,,,,
848,,,,,,
849,,,,,,
850,,,,,,
851,,,,,,
852,,,,,,
854,,,,,,
855,,,,,,
856,,,,,,
857,,,,,,
858,,,,,,
859,商社（電子・電気機器）,キヤノンシステムアンドサポート(株),5175名（2019年1月時点）,東京都港区港南2-16-6 CANON S TOWER,〒108-8225東京都港区港南2-16-6 CANON S TOWER採用企画課／採用担当TEL:03-6719-7333（採用へ直通）,http://www.canon-sas.co.jp/saiyou/
860,,,,,,
861,輸送用機器,東芝エレベータ(株),5144名（2018年3月）,神奈川県川崎市幸区堀川町72番地34,〒212-8585　神奈川県川崎市幸区堀川町72番地34東芝エレベータ(株)　採用担当Telc-saiyo@ml.toshiba.co.jp,http://www.toshiba-elevator.co.jp
862,,,,,,
863,,,,,,
864,,,,,,
865,,,,,,
866,薬品,興和(株),3658名(2018年3月4社計)※当社中核4社（興和、興和紡、興和創薬、興和新薬）の合計。,愛知県名古屋市中区錦3-6-29,興和(株) 人事部〒460-8625愛知県名古屋市中区錦3-6-29TEL:052-963-3159,http://www.kowa.co.jp/
867,,,,,,
868,,,,,,
869,,,,,,
870,銀行（地銀）,(株)阿波銀行,1311名(2018年3月末現在),徳島県徳島市西船場町2-24-1　,阿波銀行 経営統括部 人材開発課採用担当〒770-8601徳島県徳島市西船場町2-24-1TEL:088-656-7721,http://www.awabank.co.jp/recruit/
871,情報処理,(株)インテック（TISインテックグループ）,3611名（2018年10月1日現在）,東京都江東区新砂1-3-3,　(株)インテック   　新卒採用事務局（平日10時～18時）　Tel:03-4405-7608　Mail:intec@e-recruit.jp,https://www.intec.co.jp
872,,,,,,
873,,,,,,
874,,,,,,
875,,,,,,
876,,,,,,
877,,,,,,
878,,,,,,
879,,,,,,
880,リース・レンタル,(株)ダスキン,1991名（2018年3月31日現在・単体）3773名（2018年3月31日現在・連結）,大阪府吹田市豊津町1-33,(株) ダスキン人事部　人事企画室　／　大久保　慶子〒564-0051　大阪府吹田市豊津町1-33TEL:06-6821-5011　　FAX:06-6821-5303mail：jinjisaiyo@mail.duskin.co.jp,http://www.duskin.co.jp/saiyo/index.html★各事業ごとに、若手社員の活躍する姿を沢山ご紹介しております。　ぜひ、ご覧くださいね！
881,,,,,,
882,,,,,,
883,,,,,,
884,セメント,住友大阪セメント(株),単独：1182名（2018年3月）連結：2987名（2018年3月）,東京都千代田区六番町6-28,〒102-8465東京都千代田区六番町6-28人事部人事グループフリーダイヤル:0120-182314（採用担当直通）,【会社ホームページ】http://www.soc.co.jp/【採用ホームページ】http://www.soc.co.jp/saiyou/index.html
885,,,,,,
886,,,,,,
887,,,,,,
888,信用金庫・労働金庫・信用組合,尼崎信用金庫,,,〒660-0862　兵庫県尼崎市開明町3-30人事部 TEL:06-6412-5410（直通）,
889,,,,,,
890,,,,,,
891,インテリア・住宅関連,クリナップ(株)【東証一部上場】,2956名(2018年3月末現在)※単体,東京都荒川区西日暮里6-22-22,〒116-8587　東京都荒川区西日暮里6-22-22クリナップ(株)人事部　採用担当グループTEL:03-3810-8253(直)（受付時間9:00～17:30）,http://cleanup.jp/
892,,,,,,
893,,,,,,
894,,,,,,
895,,,,,,
896,,,,,,
897,海運,川崎汽船(株),724名（2018年3月）,東京都千代田区内幸町2-1-1　飯野ビルディング,〒100-8540　東京都千代田区内幸町2-1-1 飯野ビルディング川崎汽船(株)　人事グループ人材開発チーム　TEL:03-3595-5137川崎汽船(株)　海事人材グループ　人事チーム　TEL:03-3595-6107,http://www.kline.co.jp/recruit/index2.html
898,情報処理,NECソリューションイノベータ(株),12693名（2018年3月31日 現在） ,東京都江東区新木場1-18-7　NECソリューションイノベータ本社ビル,〒136-8627東京都江東区新木場1-18-7NECソリューションイノベータ　人財企画部　採用グループ【お問合せフォーム】 https://www.nec-solutioninnovators.co.jp/recruit/inquiry.html【フリーダイヤル】0120-30-2445【携帯電話から】03-5534-2767,http://www.nec-solutioninnovators.co.jp/saiyo/
899,,,,,,
900,,,,,,
901,,,,,,
902,,,,,,
903,,,,,,
904,,,,,,
905,,,,,,
906,,,,,,
907,,,,,,
908,,,,,,
909,,,,,,
910,,,,,,
911,,,,,,
912,,,,,,
913,,,,,,
914,,,,,,
915,,,,,,
916,,,,,,
917,,,,,,
918,,,,,,
919,,,,,,
920,,,,,,
921,薬品,科研製薬(株),1389名（2018年3月31日現在）,東京都文京区本駒込2-28-8,科研製薬(株) 〒113-8650 東京都文京区本駒込2-28-8 文京グリーンコート 人事部　人材開発グループ TEL:03-5977-5015 TEL:0120-236-547（フリーダイヤル） FAX:03-5977-5992 ,http://www.kaken.co.jp/recruit/
922,ガラス・セラミックス,(株)ノリタケカンパニーリミテド,1895名（連結　5012名）※2018年3月現在,名古屋市西区則武新町3-1-36,〒451-8501　名古屋市西区則武新町3-1-36(株)ノリタケカンパニーリミテド人事部　人事課　採用担当フリーダイヤル：0120-00-6763,https://www.noritake.co.jp/recruit/
924,,,,,,
925,陸運（貨物・バス・タクシー）,(株)エスラインギフ,2003名,岐阜県羽島郡岐南町平成4-68 ,〒501-6013 岐阜県羽島郡岐南町平成4-68 TEL：058-245-3143 FAX：058-240-4850 採用担当：柴田・林,http://sline.co.jp/ http://sline.co.jp/sline_gifu/recruit/index.html
926,,,,,,
927,,,,,,
928,,,,,,
929,,,,,,
930,,,,,,
931,,,,,,
932,,,,,,
933,,,,,,
934,,,,,,
935,,,,,,
936,建設,(株)不動テトラ【東証一部上場】,851名（連結）(2018年3月31日現在）,東京都中央区日本橋小網町7-2 ,(株)不動テトラ 管理本部　総務人事部　 採用担当 小林（こばやし）・名草（なぐさ）・渡邉（わたなべ） ・武塙（たけはな）〒103-0016　東京都中央区日本橋小網町7-2 TEL:03-5644-8517 FAX:03-5644-8510 E-ｍail:saiyo@fudotetra.co.jp ,
937,,,,,,
938,,,,,,
939,,,,,,
940,半導体・電子・電気機器,太陽誘電(株)【東証一部上場】,19011名(2018年3月現在 連結)2590名(2018年3月現在 単体),東京都中央区京橋2-7-19,人事部　採用グループ※応募に関するお問い合わせは、当社採用ホームページ内のお問合せよりお願いします。,http://www.yuden.co.jp/jp/recruit/
941,,,,,,
942,,,,,,
943,,,,,,
944,スーパーマーケット,(株)関西スーパーマーケット【東証一部上場】,正社員1151名　パート2810名（2019年3月31日現在）,兵庫県伊丹市中央5丁目3番38号,〒664-0851伊丹市中央5丁目3番38号人事グループ　人事教育チームTEL:072-772-0577（人事教育チーム直通）,http://www.kansaisuper.co.jp/
945,,,,,,
946,,,,,,
947,,,,,,
948,百貨店,(株)京王百貨店,896名（2018年4月16日現在）,東京都渋谷区初台1-53-7　京王初台駅ビル,〒151-0061東京都渋谷区初台1-53-7　京王初台駅ビル2階(株)京王百貨店　人事部採用担当TEL:03-5354-2871　＊水曜日・日曜日を除く,http://www.keionet.com
949,,,,,,
950,不動産,三菱地所(株),806名 連結：8856名（2018年3月現在）,東京都千代田区大手町1-1-1　大手町パークビル,〒100-8133　東京都千代田区大手町1-1-1 大手町パークビル人事部　Mail:　recruit@mec.co.jp,http://www.mec.co.jp/j/saiyou/fresh/index.html
951,,,,,,
952,,,,,,
953,,,,,,
954,,,,,,
955,銀行（地銀）,(株)千葉興業銀行,1410名（2018年9月）,,〒261-0001千葉県千葉市美浜区幸町2-1-2人事部 採用担当／水野・帯施TEL:043-242-8183・8184（採用担当直通）,http://www.chibakogyo-bank.co.jp/
956,,,,,,
957,,,,,,
958,,,,,,
959,,,,,,
960,,,,,,
961,情報処理,(株)野村総合研究所,6130名（NRIグループ12708名）2018年3月31日現在,東京都千代田区大手町1-9-2 大手町フィナンシャルシティ グランキューブ,〒100-0004東京都千代田区大手町1-9-2 大手町フィナンシャルシティ グランキューブ(株)野村総合研究所　人事部採用課 nri-rc-n@nri.co.jp,http://www.nri.com/jp/◆NRI新卒採用ホームページhttps://working.nri.co.jp/2020/mklindex.php
962,,,,,,
963,,,,,,
964,建設,サンエイ(株),1623名 (2018年3月),愛知県刈谷市桜町３丁目３番地,〒448－8524愛知県刈谷市桜町3丁目3番地総務部 人事・総務課 柘植TEL：0566－21－4301,http://www.san-ei-kk.co.jp
965,,,,,,
966,百貨店,(株)天満屋,1514名（2018年5月現在）,岡山市北区表町2-1-1,〒700-8625岡山県岡山市北区表町2-1-1人材開発チーム　採用担当　元治（げんじ）、余財（よざい）、横山（よこやま）TEL:086-231-7714（直通）,天満屋採用ホームページhttp://www.tenmaya.co.jp/recruit/index.html
967,,,,,,
968,,,,,,
969,プラント・エンジニアリング,(株)高田工業所【東証二部上場】,1426名（2019年4月）,福岡県北九州市八幡西区築地町1-1 ,〒806-8567　福岡県北九州市八幡西区築地町1-1 人事部　リクルートグループ　太田・椛田電話番号：093-632-2658,https://www.takada.co.jp/
970,,,,,,
971,,,,,,
972,,,,,,
973,,,,,,
974,,,,,,
975,,,,,,
976,薬品,日本新薬(株),2055名（2018年3月末現在）,京都府京都市南区吉祥院西ノ庄門口町14,日本新薬(株)●京都本社　〒601-8550　京都市南区吉祥院西ノ庄門口町14　採用担当　TEL:075-321-9120　FAX:075-321-9123●東京支社　〒103-0027　東京都中央区日本橋3丁目8-4日本橋さくら通りビル9F　採用担当　TEL:03-3241-2154　FAX:03-3246-2308,日本新薬採用HP → http://www.nippon-shinyaku.co.jp/recruit/
977,半導体・電子・電気機器,サンケン電気(株)【東証一部上場】,9725名（2018年3月　連結）1109名（2018年3月　単体）,埼玉県新座市北野三丁目6番3号,総務人事統括部人事部人事課　新卒採用担当フリーダイヤル:0120-177-301,http://www.sanken-ele.co.jp/
978,,,,,,
979,商社（自動車関連・輸送用機器）,大阪トヨタ自動車(株),1339名（2019年4月1日現在）,大阪府大阪市福島区福島5丁目17番2号,〒553-0003大阪府大阪市福島区福島5-17-2TEL：06-6451-9162人事・経理部 人事労務グループ  八坂・藤本 まで,http://osaka-toyota.jp/
980,,,,,,
981,,,,,,
982,,,,,,
983,,,,,,
984,,,,,,
985,,,,,,
986,,,,,,
987,,,,,,
988,,,,,,
989,,,,,,
990,,,,,,
992,ガス・エネルギー,西部ガス(株),1336名（2018年3月）,福岡市博多区千代1-17-1　パピヨン24,〒812-8707 福岡市博多区千代1-17-1　パピヨン24人事労政部　人事グループ　採用担当TEL:092-633-2243　　FAX:092-633-2283,http://www.saibugas.co.jp/
993,,,,,,
994,,,,,,
995,,,,,,
996,,,,,,
997,,,,,,
998,,,,,,
999,,,,,,
1000,百貨店,(株)丸広百貨店,,埼玉県川越市新富町2-6-1,(株)丸広百貨店採用担当　豊島（トヨシマ）・関根（セキネ）〒350-8511埼玉県川越市新富町2-6-1　TEL：049-224-2545　　（人事担当直通）,http://www.maruhiro.co.jp/index.html
1001,,,,,,
1002,,,,,,
1003,,,,,,
1004,,,,,,
1005,薬品,大鵬薬品工業(株),2416名 (2018年12月期),東京都千代田区内神田1-14-10　PMO内神田ビル,大鵬薬品工業(株)人事部人財開発統括課　,http://www.taiho.co.jp
1006,化学,東亞合成(株)【東証一部上場】,連結：2429名（2018年12月末）　単独：1197名（2018年12月末）,東京都港区西新橋1-14-1,〒105-8419東京都港区西新橋1-14-1TEL:03-3597-7206,http://www.toagosei.co.jp/
1007,,,,,,
1008,,,,,,
1009,半導体・電子・電気機器,オリエンタルモーター(株),連結：3114名単独：2032名（2018年3月末時点）,東京都台東区東上野4-8-1,〒110-8536　東京都台東区東上野4-8-1人事部　人財開発課Tel:03-6744-0900,http://www.orientalmotor.co.jp/saiyo/
1010,,,,,,
1011,,,,,,
1012,,,,,,
1013,,,,,,
1014,,,,,,
1015,,,,,,
1016,化学,日産化学(株),2511名 ※2018年3月現在,東京都中央区日本橋2－5－1,〒103－6119 東京都中央区日本橋2－5－1日産化学(株)人事部　採用チーム,採用HP　URL： http://www.nissanchem.co.jp/saiyo/
1017,,,,,,
1018,,,,,,
1019,,,,,,
1020,,,,,,
1021,,,,,,
1022,,,,,,
1023,,,,,,
1024,重電・産業用電気機器,ファナック(株),7163人※2018年3月期連結,山梨県忍野村,ファナック(株)人事部　国内人事課採用事務局TEL：03-6831-1914MAIL：saiyou@r-fanuc.com,https://www.fanuc.co.jp/
1025,,,,,,
1026,,,,,,
1027,,,,,,
1028,,,,,,
1029,機械,村田機械(株),【単独】3250名【グループ】 6950名（2018年4月現在）,京都市伏見区竹田向代町136,〒612-8686　京都市伏見区竹田向代町136　　 TEL：075-672-8117 人事グループ　採用チーム,https://www.muratec.jp/corp/recruit/freshers/
1030,,,,,,
1031,,,,,,
1032,,,,,,
1033,,,,,,
1034,自動車・自動車部品,大同メタル工業(株),単体 1306名／連結 6906名（2018年3月末）,愛知県名古屋市中区栄2丁目3番1号　名古屋広小路ビルヂング13階,TEL:0568-61-2539,https://www.daidometal.com/jp/
1035,,,,,,
1036,,,,,,
1037,,,,,,
1038,,,,,,
1039,,,,,,
1040,,,,,,
1041,,,,,,
1042,,,,,,
1043,,,,,,
1044,,,,,,
1046,,,,,,
1047,,,,,,
1048,,,,,,
1049,,,,,,
1050,,,,,,
1051,,,,,,
1052,,,,,,
1053,,,,,,
1054,半導体・電子・電気機器,ニチコン(株),5284名（2018年3月31日現在 連結）,京都府京都市中京区烏丸通御池上る,〒604-0845　京都市中京区烏丸通御池上る本社　管理本部人事部直通フリーダイヤル　0120-272765直通ダイヤル　075-241-5313,http://www.nichicon.co.jp
1055,,,,,,
1056,外食・レストラン,銀座アスター食品(株),1956名（うち正社員537名）,東京都品川区西五反田2-11-8　学研ビル12階,〒141-8423東京都品川区西五反田2-11-8　学研ビル12階　採用担当／三輪・齋木TEL：03-3492-0665（採用直通）,http://www.ginza-aster.co.jp/
1057,,,,,,
1058,,,,,,
1059,,,,,,
1060,,,,,,
1061,,,,,,
1062,,,,,,
1063,,,,,,
1064,,,,,,
1065,,,,,,
1066,,,,,,
1067,,,,,,
1068,,,,,,
1069,,,,,,
1070,,,,,,
1071,設備工事,(株)ミライト,2607名（単体）（2018年3月末）4880名（連結）（2018年3月末）,東京都江東区豊洲5丁目6番36号,(株)ミライト人材開発部　採用担当　秋間 由道／中井 みゆき所在地　〒135-8112　東京都江東区豊洲5-6-36 TEL:0120-037-006 ,http://www.mrt.mirait.co.jp/
